tank_id,drought_probability,normal_probability,overflow_probability,primary_risk,classifier_risk,agreement,confidence,drought_duration_days,t+1,t+2,t+3,t+4,t+5,t+6,t+7
Tawalanhalmillewa_Wewa,0.497,0.343,0.16,drought,drought,True,0.57,0,58.2,57.5,56.8,56.1,55.4,54.7,54.1
Settikulama_Wewa,0.127,0.73,0.143,normal,normal,True,0.68,0,50.0,48.8,47.5,46.3,45.0,43.8,42.5
Pansala_Wewa,0.235,0.66,0.105,normal,normal,False,0.74,0,50.0,49.3,48.6,47.9,47.2,46.6,45.9
Kudaittikattiya_Wewa,0.163,0.696,0.141,normal,normal,True,0.83,0,48.2,47.2,46.3,45.4,44.4,43.5,42.5
Maha_Ittikattiya_Wewa,0.206,0.624,0.17,normal,normal,True,0.67,0,60.8,59.5,58.1,56.8,55.5,54.2,52.9
Ulankulama_Wewa,0.391,0.564,0.045,normal,normal,False,0.86,0,50.0,49.3,48.6,47.9,47.2,46.5,45.8
Amane_Wewa,0.382,0.471,0.147,normal,normal,True,0.78,0,55.9,54.6,53.4,52.1,50.8,49.5,48.2
Ihala_Amanakkattuwa_Wewa,0.12,0.839,0.041,normal,normal,True,0.78,0,50.0,48.8,47.7,46.5,45.3,44.2,43.0
Ethiniwetuna_Wewa,0.432,0.433,0.134,normal,normal,True,0.67,0,50.0,48.9,47.9,46.8,45.8,44.7,43.7
Pahala_Amanakkattuwa_Wewa,0.065,0.836,0.099,normal,normal,True,0.89,0,37.8,37.1,36.4,35.7,35.0,34.3,33.5
Walagambahuwa_Wewa,0.167,0.803,0.03,normal,normal,True,0.81,0,64.3,63.5,62.7,61.9,61.1,60.4,59.6
Wendarakulama_Wewa,0.329,0.51,0.161,normal,normal,True,0.88,0,57.8,56.7,55.5,54.3,53.2,52.0,50.8
Marikkaragama_Wewa,0.133,0.842,0.024,normal,normal,True,0.73,0,58.6,58.0,57.4,56.8,56.2,55.6,55.0
Periyakulama_Wewa,0.131,0.759,0.11,normal,normal,True,0.73,0,38.8,38.2,37.5,36.9,36.2,35.6,34.9
Mawatha_Wewa,0.241,0.685,0.074,normal,normal,True,0.59,0,48.5,47.4,46.3,45.1,44.0,42.9,41.7
Meegassegama_Wewa,0.109,0.698,0.193,normal,normal,True,0.66,0,46.1,44.7,43.3,41.9,40.5,39.1,37.7
Mahakanumulla_Wewa,0.535,0.305,0.16,drought,drought,True,0.66,0,62.8,61.6,60.4,59.2,57.9,56.7,55.5
Manakkulama_Wewa,0.098,0.719,0.182,normal,normal,True,0.67,0,50.0,49.0,48.1,47.1,46.2,45.2,44.3
Kuda_Kanumulla_Wewa,0.34,0.609,0.052,normal,normal,True,0.84,0,50.0,48.6,47.3,45.9,44.6,43.2,41.9
Wagayakulama_Wewa,0.266,0.601,0.133,normal,normal,True,0.58,0,54.3,53.2,52.1,51.1,50.0,48.9,47.8
Wagayakulama,0.258,0.715,0.027,normal,normal,True,0.61,0,50.0,49.0,48.0,47.0,46.0,45.0,44.0
Alittana_Wewa,0.102,0.773,0.126,normal,normal,True,0.78,0,59.7,59.0,58.3,57.7,57.0,56.3,55.7
Wannanmaduwa_Wewa,0.223,0.65,0.126,normal,normal,True,0.74,0,48.3,47.8,47.3,46.7,46.2,45.7,45.2
Wellamaduwa_Wewa,0.441,0.524,0.035,normal,normal,True,0.93,0,41.8,40.8,39.8,38.9,37.9,36.9,35.9
Sembukulama_Wewa,0.336,0.559,0.105,normal,normal,True,0.76,0,51.6,50.9,50.1,49.3,48.6,47.8,47.0
Hammillakulama_Wewa,0.269,0.707,0.024,normal,normal,True,0.61,0,36.9,35.6,34.3,32.9,31.6,30.3,29.0
Tirappane_Wewa,0.327,0.633,0.04,normal,normal,True,0.81,0,59.8,58.7,57.5,56.3,55.1,54.0,52.8
Todamaduwa_Wewa,0.413,0.428,0.158,normal,normal,True,0.64,0,53.9,53.3,52.7,52.1,51.5,50.9,50.3
Galwaduwawa_Wewa,0.069,0.811,0.12,normal,normal,True,0.87,0,50.0,49.1,48.3,47.4,46.5,45.6,44.8
Galkulama_Wewa,0.209,0.6,0.192,normal,normal,True,0.65,0,57.7,57.0,56.2,55.4,54.6,53.8,53.0
Nachchaduwa_Wewa,0.518,0.432,0.05,drought,drought,True,0.95,0,45.6,45.1,44.5,44.0,43.5,42.9,42.4
Irahandaketu_Wewa,0.496,0.349,0.155,drought,drought,True,0.76,0,64.1,62.7,61.3,59.9,58.6,57.2,55.8
