tank_id,latitude,longitude,elevation_m
Tawalanhalmillewa_Wewa,8.111982,80.566681,146
Settikulama_Wewa,8.112887,80.55421,145
Pansala_Wewa,8.122639,80.560139,140
Kudaittikattiya_Wewa,8.124561,80.542977,143
Maha_Ittikattiya_Wewa,8.136556,80.541031,137
Ulankulama_Wewa,8.139116,80.556377,133
Amane_Wewa,8.144003,80.507638,137
Ihala_Amanakkattuwa_Wewa,8.146975,80.491948,127
Ethiniwetuna_Wewa,8.146812,80.565155,137
Pahala_Amanakkattuwa_Wewa,8.154533,80.49463,124
Walagambahuwa_Wewa,8.154419,80.509012,128
Wendarakulama_Wewa,8.154861,80.525338,135
Marikkaragama_Wewa,8.15843,80.483023,127
Periyakulama_Wewa,8.158391,80.551955,128
Mawatha_Wewa,8.16843,80.507831,126
Meegassegama_Wewa,8.17014,80.523025,125
Mahakanumulla_Wewa,8.17284,80.495096,119
Manakkulama_Wewa,8.176356,80.5508,121
Kuda_Kanumulla_Wewa,8.180975,80.507328,119
Wagayakulama_Wewa,8.185262,80.482609,122
Wagayakulama,8.188411,80.553109,122
Alittana_Wewa,8.187336,80.52104,119
Wannanmaduwa_Wewa,8.195081,80.541005,117
Wellamaduwa_Wewa,8.200034,80.483295,118
Sembukulama_Wewa,8.199203,80.509254,112
Hammillakulama_Wewa,8.216571,80.472496,110
Tirappane_Wewa,8.20584,80.521348,111
Todamaduwa_Wewa,8.225497,80.537873,110
Galwaduwawa_Wewa,8.267227,80.512098,113
Galkulama_Wewa,8.27357,80.498948,109
Nachchaduwa_Wewa,8.248901,80.488894,104
Irahandaketu_Wewa,8.280927,80.511326,123
