tank_id,S_min,S_max,R_max,E_day0,E_day1,E_day2,E_day3,E_day4,E_day5,E_day6,catchment_area_km2,S_max_source
Tawalanhalmillewa_Wewa,2652.5,26524.9,3978.7,769.0,769.0,769.0,769.0,769.0,769.0,769.0,6.0739,Module 1 satellite (peak volume)
Settikulama_Wewa,1223.3,12233.4,1835.0,790.9,790.9,790.9,790.9,790.9,790.9,790.9,7.0652,Module 1 satellite (peak volume)
Pansala_Wewa,29611.7,296117.2,44417.6,506.0,506.0,506.0,506.0,506.0,506.0,506.0,0.647,Module 1 satellite (peak volume)
Kudaittikattiya_Wewa,57.6,576.0,86.4,283.5,283.5,283.5,283.5,283.5,283.5,283.5,2.5685,Module 1 satellite (peak volume)
Maha_Ittikattiya_Wewa,36258.9,362588.5,54388.3,1760.5,1760.5,1760.5,1760.5,1760.5,1760.5,1760.5,9.3568,Module 1 satellite (peak volume)
Ulankulama_Wewa,20973.6,209736.0,31460.4,830.0,830.0,830.0,830.0,830.0,830.0,830.0,7.381,Module 1 satellite (peak volume)
Amane_Wewa,13456.4,134563.7,20184.6,404.5,404.5,404.5,404.5,404.5,404.5,404.5,10.3929,Module 1 satellite (peak volume)
Ihala_Amanakkattuwa_Wewa,3425.2,34252.0,5137.8,405.0,405.0,405.0,405.0,405.0,405.0,405.0,3.885,Module 1 satellite (peak volume)
Ethiniwetuna_Wewa,4915.4,49153.6,7373.0,408.7,408.7,408.7,408.7,408.7,408.7,408.7,3.6508,Module 1 satellite (peak volume)
Pahala_Amanakkattuwa_Wewa,5958.5,59584.6,8937.7,445.0,445.0,445.0,445.0,445.0,445.0,445.0,0.6028,Module 1 satellite (peak volume)
Walagambahuwa_Wewa,28385.9,283859.1,42578.9,445.0,445.0,445.0,445.0,445.0,445.0,445.0,6.0657,Module 1 satellite (peak volume)
Wendarakulama_Wewa,9480.7,94807.1,14221.1,769.0,769.0,769.0,769.0,769.0,769.0,769.0,2.8307,Module 1 satellite (peak volume)
Marikkaragama_Wewa,7348.3,73483.3,11022.5,546.5,546.5,546.5,546.5,546.5,546.5,546.5,7.5986,Module 1 satellite (peak volume)
Periyakulama_Wewa,98452.4,984523.8,147678.6,1214.0,1214.0,1214.0,1214.0,1214.0,1214.0,1214.0,12.2696,Module 1 satellite (peak volume)
Mawatha_Wewa,15784.0,157839.8,23676.0,1011.5,1011.5,1011.5,1011.5,1011.5,1011.5,1011.5,4.0211,Module 1 satellite (peak volume)
Meegassegama_Wewa,23985.0,239850.0,35977.5,303.5,303.5,303.5,303.5,303.5,303.5,303.5,8.8736,Module 1 satellite (peak volume)
Mahakanumulla_Wewa,85948.9,859489.4,128923.4,870.0,870.0,870.0,870.0,870.0,870.0,870.0,8.598,Module 1 satellite (peak volume)
Manakkulama_Wewa,3938.2,39381.6,5907.2,950.8,950.8,950.8,950.8,950.8,950.8,950.8,8.4935,Module 1 satellite (peak volume)
Kuda_Kanumulla_Wewa,17086.7,170867.2,25630.1,789.0,789.0,789.0,789.0,789.0,789.0,789.0,2.176,Module 1 satellite (peak volume)
Wagayakulama_Wewa,4674.9,46748.6,7012.3,789.0,789.0,789.0,789.0,789.0,789.0,789.0,6.0475,Module 1 satellite (peak volume)
Wagayakulama,7039.3,70393.3,10559.0,444.0,444.0,444.0,444.0,444.0,444.0,444.0,3.9664,Module 1 satellite (peak volume)
Alittana_Wewa,50172.6,501726.2,75258.9,162.0,162.0,162.0,162.0,162.0,162.0,162.0,2.507,Module 1 satellite (peak volume)
Wannanmaduwa_Wewa,114194.6,1141945.8,171291.9,4795.5,4795.5,4795.5,4795.5,4795.5,4795.5,4795.5,11.1231,Module 1 satellite (peak volume)
Wellamaduwa_Wewa,21416.3,214163.2,32124.5,1052.0,1052.0,1052.0,1052.0,1052.0,1052.0,1052.0,6.0886,Module 1 satellite (peak volume)
Sembukulama_Wewa,20246.8,202467.6,30370.1,667.5,667.5,667.5,667.5,667.5,667.5,667.5,6.1516,Module 1 satellite (peak volume)
Hammillakulama_Wewa,20056.9,200569.1,30085.4,728.5,728.5,728.5,728.5,728.5,728.5,728.5,8.0149,Module 1 satellite (peak volume)
Tirappane_Wewa,53347.3,533473.0,80021.0,3359.0,3359.0,3359.0,3359.0,3359.0,3359.0,3359.0,12.5033,Module 1 satellite (peak volume)
Todamaduwa_Wewa,68213.9,682139.2,102320.9,1092.5,1092.5,1092.5,1092.5,1092.5,1092.5,1092.5,5.7733,Module 1 satellite (peak volume)
Galwaduwawa_Wewa,805.7,8056.9,1208.5,218.0,218.0,218.0,218.0,218.0,218.0,218.0,1.9471,Module 1 satellite (peak volume)
Galkulama_Wewa,18577.4,185774.2,27866.1,1295.0,1295.0,1295.0,1295.0,1295.0,1295.0,1295.0,1.3021,Module 1 satellite (peak volume)
Nachchaduwa_Wewa,5550133.0,55501329.7,8325199.5,59994.5,59994.5,59994.5,59994.5,59994.5,59994.5,59994.5,90.6967,Module 1 satellite (peak volume)
Irahandaketu_Wewa,7368.8,73687.6,11053.1,526.0,526.0,526.0,526.0,526.0,526.0,526.0,2.2629,Module 1 satellite (peak volume)