tank_id,date,storage,storage_pct,storage_source,t+1,t+2,t+3,t+4,t+5,t+6,t+7,primary_risk,classifier_risk,agreement,prob_drought,prob_normal,prob_overflow,drought_duration_days,overflow_duration_days,confidence,days_gap
1,2026-08-02,-0.0002,-0.88,predicted,-0.88,-0.32,0.54,1.41,2.52,3.26,4.2,drought,overflow,False,0.335,0.073,0.593,7,0,0.57,6
2,2026-08-02,0.0029,23.59,predicted,23.59,23.13,22.71,22.32,22.02,21.82,21.62,normal,overflow,False,0.3,0.065,0.636,0,0,0.57,6
3,2026-08-02,0.0695,23.47,predicted,23.47,23.0,22.57,22.16,21.86,21.61,21.44,normal,overflow,False,0.172,0.208,0.62,0,0,0.57,6
4,,,,,,,,,,,,rejected,,,,,,,,,14
5,2026-08-02,0.0887,24.47,predicted,24.47,23.89,23.35,22.88,22.51,22.26,22.05,normal,normal,True,0.174,0.715,0.111,0,0,0.57,6
6,2026-08-02,0.1245,59.38,predicted,59.38,59.27,59.05,58.83,58.69,58.51,58.4,normal,normal,True,0.186,0.609,0.206,0,0,0.57,6
7,2026-08-02,0.0993,73.77,predicted,73.77,73.12,72.4,71.8,71.5,71.29,70.72,overflow,overflow,True,0.183,0.067,0.75,0,7,0.57,6
8,2026-08-02,0.0038,11.05,predicted,11.05,11.35,11.65,11.92,12.27,12.55,12.63,drought,normal,False,0.341,0.475,0.184,2,0,0.57,6
9,2026-08-02,0.0241,49.05,predicted,49.05,48.18,47.39,46.74,46.17,45.83,45.76,normal,overflow,False,0.376,0.105,0.52,0,0,0.57,6
10,2026-08-02,0.0234,39.32,predicted,39.32,38.75,38.19,37.63,37.07,36.63,36.53,normal,drought,False,0.922,0.044,0.034,0,0,0.57,6
11,2026-08-02,0.0569,20.03,predicted,20.03,19.08,18.24,17.51,16.93,16.56,16.29,normal,drought,False,0.408,0.21,0.382,0,0,0.57,6
12,2026-08-02,0.0422,44.48,predicted,44.48,44.17,43.79,43.4,42.98,42.61,42.55,overflow,overflow,True,0.259,0.093,0.649,0,7,0.57,6
13,2026-08-02,0.0212,28.84,predicted,28.84,28.22,27.64,27.11,26.63,26.29,26.09,normal,normal,True,0.251,0.43,0.319,0,0,0.57,6
14,2026-08-02,0.4296,43.63,predicted,43.63,43.52,43.34,43.16,42.95,42.74,42.72,normal,normal,True,0.065,0.889,0.046,0,0,0.57,6
15,2026-08-02,0.033,20.89,predicted,20.89,20.5,20.15,19.82,19.62,19.47,19.31,normal,overflow,False,0.298,0.09,0.613,0,0,0.57,6
16,2026-08-02,0.0967,40.32,predicted,40.32,39.85,39.32,38.83,38.33,37.94,37.79,normal,overflow,False,0.264,0.214,0.522,0,0,0.57,6
17,2026-08-02,0.0572,6.66,predicted,6.66,6.61,6.56,6.66,6.86,7.04,7.21,drought,normal,False,0.101,0.857,0.042,7,0,0.57,6
18,2026-08-02,0.0,0.06,predicted,0.06,-0.03,-0.03,-0.02,0.09,0.14,0.35,drought,normal,False,0.209,0.445,0.346,7,0,0.57,6
19,2026-08-02,0.0909,53.18,predicted,53.18,53.04,52.94,52.78,52.66,52.55,52.63,normal,normal,True,0.202,0.705,0.093,0,0,0.57,6
20,2026-08-02,0.0046,9.9,predicted,9.9,8.75,7.87,7.09,6.62,6.29,6.14,drought,normal,False,0.197,0.543,0.261,7,0,0.57,6
21,2026-08-02,0.0055,7.87,predicted,7.87,7.94,8.06,8.2,8.48,8.68,8.83,drought,drought,True,0.492,0.151,0.357,7,0,0.29,10
22,2026-08-02,0.0282,5.62,predicted,5.62,5.48,5.42,5.44,5.65,5.76,5.94,drought,drought,True,0.782,0.113,0.104,7,0,0.57,6
23,2026-08-02,0.4274,37.43,predicted,37.43,37.15,36.81,36.5,36.17,35.9,35.79,normal,normal,True,0.152,0.818,0.03,0,0,0.57,6
24,2026-08-02,0.0642,29.97,predicted,29.97,29.76,29.51,29.26,29.04,28.86,28.71,normal,normal,True,0.197,0.54,0.263,0,0,0.57,6
25,2026-08-02,0.0108,5.33,predicted,5.33,5.25,5.06,5.14,5.3,5.45,5.61,drought,overflow,False,0.002,0.076,0.922,7,0,0.57,6
26,2026-08-02,0.1803,89.89,predicted,89.89,90.34,90.59,90.5,90.23,89.88,89.28,overflow,overflow,True,0.001,0.051,0.948,0,7,0.57,6
27,2026-08-02,0.2763,51.8,predicted,51.8,51.65,51.43,51.24,51.07,50.9,50.89,normal,normal,True,0.055,0.879,0.066,0,0,0.57,6
28,2026-08-02,0.1322,19.38,predicted,19.38,19.26,19.12,19.08,19.13,19.17,19.14,drought,normal,False,0.336,0.628,0.036,7,0,0.57,6
29,,,,,,,,,,,,rejected,,,,,,,,,14
30,2026-08-02,0.0575,30.96,predicted,30.96,30.57,30.2,29.85,29.51,29.24,29.17,normal,drought,False,0.87,0.095,0.035,0,0,0.57,6
31,2026-08-02,36.3419,65.48,predicted,65.48,64.84,63.97,63.55,63.28,63.08,62.53,normal,normal,True,0.01,0.549,0.441,0,0,0.57,6
32,2026-08-02,0.0252,34.13,predicted,34.13,33.43,32.75,32.1,31.47,31.0,30.81,normal,overflow,False,0.197,0.197,0.606,0,0,0.57,6
