tank_id,pond_name,total_ha
1,Tawalanhalmillewa Wewa,11.21789508
2,Settikulama  Wewa,11.52965708
3,Pansala Wewa,31.7694151
4,Kudaittikattiya Wewa,11.83892449
5,Maha Ittikattiya Wewa,31.9394093
6,Ulankulama Wewa,39.37143467
7,Amane Wewa,27.66009283
8,Ihala Amanakkattuwa Wewa,19.87689069
9,Ethiniwetuna Wewa,10.25058016
10,Pahala Amanakkattuwa Wewa,20.86676457
11,Walagambahuwa Wewa,26.38099737
12,Wendarakulama Wewa,21.3586
13,Marikkaragama Wewa,18.83606869
14,Periyakulama Wewa,91.64671331
15,Mawatha Wewa,17.88431705
16,Meegassegama Wewa,30.0555193
17,Mahakanumulla Wewa,67.32368584
18,Manakkulama Wewa,15.4549313
19,Kuda Kanumulla Wewa,21.9133418
20,Wagayakulama Wewa,10.71311025
21,Wagayakulama,16.51611906
22,Alittana Wewa,50.55054523
23,Wannanmaduwa Wewa,90.17898086
24,Wellamaduwa Wewa,25.01709046
25,Sembukulama Wewa,23.17753387
26,Hammillakulama Wewa,30.63169744
27,Tirappane Wewa,52.504108
28,Todamaduwa Wewa,58.83226056
29,Galwaduwawa Wewa,4.877411048
30,Galkulama Wewa,30.23834439
31,Nachchaduwa Wewa,1649.774276
32,Irahandaketu Wewa,11.85402044
