mpc_day,tank_id,day,m4_volume_ratio,m3_volume_ratio,ratio_difference,abs_ratio_difference
1,Tawalanhalmillewa_Wewa,1,1.0,1.0,0.0,0.0
1,Tawalanhalmillewa_Wewa,2,1.0931,1.0018525379770284,0.09124746202297151,0.09124746202297151
1,Tawalanhalmillewa_Wewa,3,1.1619,0.9799925898480919,0.18190741015190803,0.18190741015190803
1,Tawalanhalmillewa_Wewa,4,1.2876,0.9699888847721378,0.31761111522786223,0.31761111522786223
1,Tawalanhalmillewa_Wewa,5,1.6538,0.974805483512412,0.6789945164875879,0.6789945164875879
1,Tawalanhalmillewa_Wewa,6,1.7749,0.9777695442756578,0.7971304557243422,0.7971304557243422
1,Tawalanhalmillewa_Wewa,7,2.0286,0.9685068543905151,1.0600931456094849,1.0600931456094849
1,Settikulama_Wewa,1,1.0,1.0,0.0,0.0
1,Settikulama_Wewa,2,1.0922,1.0019477989871444,0.09025220101285569,0.09025220101285569
1,Settikulama_Wewa,3,1.782,0.9797428905336968,0.8022571094663032,0.8022571094663032
1,Settikulama_Wewa,4,2.0792,0.970783015192832,1.108416984807168,1.108416984807168
1,Settikulama_Wewa,5,3.2985,0.9766264121542656,2.321873587845735,2.321873587845735
1,Settikulama_Wewa,6,4.1092,0.979353330736268,3.1298466692637326,3.1298466692637326
1,Settikulama_Wewa,7,4.6689,0.9711725749902609,3.697727425009739,3.697727425009739
1,Pansala_Wewa,1,1.0,1.0,0.0,0.0
1,Pansala_Wewa,2,0.9898,0.9964512040557668,-0.006651204055766802,0.006651204055766802
1,Pansala_Wewa,3,0.9782,0.9723700887198985,0.005829911280101463,0.005829911280101463
1,Pansala_Wewa,4,0.9645,0.9543726235741444,0.010127376425855594,0.010127376425855594
1,Pansala_Wewa,5,0.9534,0.9493029150823827,0.0040970849176172885,0.0040970849176172885
1,Pansala_Wewa,6,0.9387,0.9442332065906209,-0.005533206590620954,0.005533206590620954
1,Pansala_Wewa,7,0.9238,0.9269961977186311,-0.003196197718631111,0.003196197718631111
1,Kudaittikattiya_Wewa,1,1.0,1.0,0.0,0.0
1,Kudaittikattiya_Wewa,2,1.0,0.8468468468468467,0.15315315315315325,0.15315315315315325
1,Kudaittikattiya_Wewa,3,1.0,0.954954954954955,0.04504504504504503,0.04504504504504503
1,Kudaittikattiya_Wewa,4,1.0,0.4774774774774775,0.5225225225225225,0.5225225225225225
1,Kudaittikattiya_Wewa,5,1.0,0.7477477477477477,0.25225225225225234,0.25225225225225234
1,Kudaittikattiya_Wewa,6,1.0,1.054054054054054,-0.054054054054053946,0.054054054054053946
1,Kudaittikattiya_Wewa,7,1.0,1.3243243243243241,-0.3243243243243241,0.3243243243243241
1,Maha_Ittikattiya_Wewa,1,1.0,1.0,0.0,0.0
1,Maha_Ittikattiya_Wewa,2,0.9818,1.0047418335089568,-0.022941833508956844,0.022941833508956844
1,Maha_Ittikattiya_Wewa,3,0.9688,0.988935721812434,-0.02013572181243406,0.02013572181243406
1,Maha_Ittikattiya_Wewa,4,0.9803,0.9805057955742886,-0.00020579557428868078,0.00020579557428868078
1,Maha_Ittikattiya_Wewa,5,0.9999,0.9936775553213909,0.006222444678609107,0.006222444678609107
1,Maha_Ittikattiya_Wewa,6,1.0294,1.0079030558482613,0.02149694415173875,0.02149694415173875
1,Maha_Ittikattiya_Wewa,7,1.0351,1.0084299262381453,0.026670073761854596,0.026670073761854596
1,Ulankulama_Wewa,1,1.0,1.0,0.0,0.0
1,Ulankulama_Wewa,2,1.0039,1.005128205128205,-0.0012282051282050954,0.0012282051282050954
1,Ulankulama_Wewa,3,1.0475,0.987878787878788,0.059621212121212075,0.059621212121212075
1,Ulankulama_Wewa,4,1.0601,0.9804195804195805,0.07968041958041949,0.07968041958041949
1,Ulankulama_Wewa,5,1.084,0.9911421911421913,0.09285780885780881,0.09285780885780881
1,Ulankulama_Wewa,6,1.1175,1.0032634032634034,0.11423659673659659,0.11423659673659659
1,Ulankulama_Wewa,7,1.133,1.0,0.133,0.133
1,Amane_Wewa,1,1.0,1.0,0.0,0.0
1,Amane_Wewa,2,1.0537,1.0012368583797155,0.05246314162028454,0.05246314162028454
1,Amane_Wewa,3,1.0592,0.9802102659245515,0.0789897340754484,0.0789897340754484
1,Amane_Wewa,4,1.1746,0.9715522572665429,0.20304774273345716,0.20304774273345716
1,Amane_Wewa,5,1.3664,0.9857761286332714,0.3806238713667287,0.3806238713667287
1,Amane_Wewa,6,1.3722,0.9950525664811378,0.37714743351886226,0.37714743351886226
1,Amane_Wewa,7,1.6121,1.0,0.6121000000000001,0.6121000000000001
1,Ihala_Amanakkattuwa_Wewa,1,1.0,1.0,0.0,0.0
1,Ihala_Amanakkattuwa_Wewa,2,1.1381,1.0015449980687523,0.1365550019312476,0.1365550019312476
1,Ihala_Amanakkattuwa_Wewa,3,1.11,0.9787562765546542,0.13124372344534585,0.13124372344534585
1,Ihala_Amanakkattuwa_Wewa,4,1.0961,0.9679412900733874,0.1281587099266127,0.1281587099266127
1,Ihala_Amanakkattuwa_Wewa,5,1.1131,0.9733487833140209,0.13975121668597912,0.13975121668597912
1,Ihala_Amanakkattuwa_Wewa,6,1.1295,0.9756662804171495,0.15383371958285041,0.15383371958285041
1,Ihala_Amanakkattuwa_Wewa,7,1.1032,0.9675550405561993,0.13564495944380062,0.13564495944380062
1,Ethiniwetuna_Wewa,1,1.0,1.0,0.0,0.0
1,Ethiniwetuna_Wewa,2,1.0886,1.001930501930502,0.08666949806949797,0.08666949806949797
1,Ethiniwetuna_Wewa,3,1.1809,0.9806949806949807,0.20020501930501933,0.20020501930501933
1,Ethiniwetuna_Wewa,4,1.3131,0.9702702702702702,0.3428297297297297,0.3428297297297297
1,Ethiniwetuna_Wewa,5,1.3072,0.9764478764478765,0.33075212355212347,0.33075212355212347
1,Ethiniwetuna_Wewa,6,1.2566,0.9806949806949807,0.2759050193050192,0.2759050193050192
1,Ethiniwetuna_Wewa,7,1.2451,0.9725868725868727,0.2725131274131274,0.2725131274131274
1,Pahala_Amanakkattuwa_Wewa,1,1.0,1.0,0.0,0.0
1,Pahala_Amanakkattuwa_Wewa,2,0.9497,0.9976822963095026,-0.04798229630950257,0.04798229630950257
1,Pahala_Amanakkattuwa_Wewa,3,0.9039,0.9852023533606703,-0.08130235336067027,0.08130235336067027
1,Pahala_Amanakkattuwa_Wewa,4,0.8497,0.9739704047067214,-0.12427040470672135,0.12427040470672135
1,Pahala_Amanakkattuwa_Wewa,5,0.7986,0.9638081654483865,-0.16520816544838657,0.16520816544838657
1,Pahala_Amanakkattuwa_Wewa,6,0.7467,0.9584596184703155,-0.21175961847031544,0.21175961847031544
1,Pahala_Amanakkattuwa_Wewa,7,0.7004,0.9427705473346407,-0.2423705473346407,0.2423705473346407
1,Walagambahuwa_Wewa,1,1.0,1.0,0.0,0.0
1,Walagambahuwa_Wewa,2,1.0082,0.9988013698630137,0.009398630136986275,0.009398630136986275
1,Walagambahuwa_Wewa,3,1.0237,0.9909246575342465,0.03277534246575353,0.03277534246575353
1,Walagambahuwa_Wewa,4,1.0255,0.9842465753424657,0.04125342465753434,0.04125342465753434
1,Walagambahuwa_Wewa,5,1.0261,0.9743150684931506,0.051784931506849374,0.051784931506849374
1,Walagambahuwa_Wewa,6,1.0445,0.9696917808219179,0.07480821917808211,0.07480821917808211
1,Walagambahuwa_Wewa,7,1.0619,0.9563356164383562,0.10556438356164388,0.10556438356164388
1,Wendarakulama_Wewa,1,1.0,1.0,0.0,0.0
1,Wendarakulama_Wewa,2,0.9968,1.0027675276752768,-0.005967527675276751,0.005967527675276751
1,Wendarakulama_Wewa,3,0.9755,0.9810885608856088,-0.005588560885608773,0.005588560885608773
1,Wendarakulama_Wewa,4,0.896,0.9727859778597786,-0.07678597785977859,0.07678597785977859
1,Wendarakulama_Wewa,5,0.8871,0.9824723247232473,-0.0953723247232473,0.0953723247232473
1,Wendarakulama_Wewa,6,0.9123,0.9880073800738008,-0.07570738007380085,0.07570738007380085
1,Wendarakulama_Wewa,7,0.9027,0.984778597785978,-0.08207859778597804,0.08207859778597804
1,Marikkaragama_Wewa,1,1.0,1.0,0.0,0.0
1,Marikkaragama_Wewa,2,1.0547,0.9964166268514095,0.058283373148590445,0.058283373148590445
1,Marikkaragama_Wewa,3,1.0576,0.9734830387004301,0.08411696129957003,0.08411696129957003
1,Marikkaragama_Wewa,4,1.1045,0.9548494983277592,0.1496505016722408,0.1496505016722408
1,Marikkaragama_Wewa,5,1.1466,0.9483994266602963,0.19820057333970376,0.19820057333970376
1,Marikkaragama_Wewa,6,1.1868,0.9438604873387482,0.2429395126612519,0.2429395126612519
1,Marikkaragama_Wewa,7,1.3135,0.9259436215957955,0.3875563784042044,0.3875563784042044
1,Periyakulama_Wewa,1,1.0,1.0,0.0,0.0
1,Periyakulama_Wewa,2,1.0047,1.0004570383912248,0.004242961608775131,0.004242961608775131
1,Periyakulama_Wewa,3,1.0081,1.0030469226081657,0.005053077391834249,0.005053077391834249
1,Periyakulama_Wewa,4,1.0095,1.005789152955515,0.0037108470444850994,0.0037108470444850994
1,Periyakulama_Wewa,5,1.021,0.9954296160877514,0.02557038391224853,0.02557038391224853
1,Periyakulama_Wewa,6,1.0312,0.9934491163924435,0.03775088360755641,0.03775088360755641
1,Periyakulama_Wewa,7,1.0319,0.9835466179159049,0.04835338208409512,0.04835338208409512
1,Mawatha_Wewa,1,1.0,1.0,0.0,0.0
1,Mawatha_Wewa,2,0.9891,0.9980874316939891,-0.008987431693989079,0.008987431693989079
1,Mawatha_Wewa,3,0.9794,0.974863387978142,0.004536612021858066,0.004536612021858066
1,Mawatha_Wewa,4,0.9864,0.9598360655737705,0.026563934426229507,0.026563934426229507
1,Mawatha_Wewa,5,1.0075,0.9568306010928962,0.05066939890710387,0.05066939890710387
1,Mawatha_Wewa,6,1.0138,0.9543715846994535,0.059428415300546544,0.059428415300546544
1,Mawatha_Wewa,7,1.0277,0.9382513661202186,0.08944863387978141,0.08944863387978141
1,Meegassegama_Wewa,1,1.0,1.0,0.0,0.0
1,Meegassegama_Wewa,2,1.0548,0.9961206896551724,0.05867931034482754,0.05867931034482754
1,Meegassegama_Wewa,3,1.0939,0.9747844827586206,0.11911551724137948,0.11911551724137948
1,Meegassegama_Wewa,4,1.0987,0.9573275862068966,0.1413724137931034,0.1413724137931034
1,Meegassegama_Wewa,5,1.1418,0.9491379310344827,0.19266206896551719,0.19266206896551719
1,Meegassegama_Wewa,6,1.167,0.943103448275862,0.22389655172413803,0.22389655172413803
1,Meegassegama_Wewa,7,1.1774,0.9243534482758621,0.2530465517241379,0.2530465517241379
1,Mahakanumulla_Wewa,1,1.0,1.0,0.0,0.0
1,Mahakanumulla_Wewa,2,1.0049,0.9990197451337348,0.005880254866265089,0.005880254866265089
1,Mahakanumulla_Wewa,3,1.0094,1.0025206553703965,0.006879344629603601,0.006879344629603601
1,Mahakanumulla_Wewa,4,1.0145,1.005741492788125,0.008758507211874988,0.008758507211874988
1,Mahakanumulla_Wewa,5,1.0166,0.9943985436213416,0.022201456378658335,0.022201456378658335
1,Mahakanumulla_Wewa,6,1.0217,0.9913177426130796,0.030382257386920464,0.030382257386920464
1,Mahakanumulla_Wewa,7,1.0209,0.9803949026746955,0.040505097325304384,0.040505097325304384
1,Manakkulama_Wewa,1,1.0,1.0,0.0,0.0
1,Manakkulama_Wewa,2,0.9049,1.0054759898904804,-0.10057598989048033,0.10057598989048033
1,Manakkulama_Wewa,3,0.936,0.9886267902274642,-0.05262679022746419,0.05262679022746419
1,Manakkulama_Wewa,4,0.906,0.9818871103622578,-0.07588711036225781,0.07588711036225781
1,Manakkulama_Wewa,5,1.0589,0.9911541701769168,0.06774582982308319,0.06774582982308319
1,Manakkulama_Wewa,6,1.2061,1.0025273799494525,0.20357262005054744,0.20357262005054744
1,Manakkulama_Wewa,7,1.2574,0.9957877000842461,0.26161229991575397,0.26161229991575397
1,Kuda_Kanumulla_Wewa,1,1.0,1.0,0.0,0.0
1,Kuda_Kanumulla_Wewa,2,0.992,0.9871102787264514,0.004889721273548586,0.004889721273548586
1,Kuda_Kanumulla_Wewa,3,0.984,0.9790679740002204,0.004932025999779599,0.004932025999779599
1,Kuda_Kanumulla_Wewa,4,0.98,0.9644155558003746,0.015584444199625347,0.015584444199625347
1,Kuda_Kanumulla_Wewa,5,0.9761,0.9496529690426353,0.02644703095736467,0.02644703095736467
1,Kuda_Kanumulla_Wewa,6,0.9649,0.9353310565164703,0.029568943483529675,0.029568943483529675
1,Kuda_Kanumulla_Wewa,7,0.9559,0.9128566707061805,0.04304332929381949,0.04304332929381949
1,Wagayakulama_Wewa,1,1.0,1.0,0.0,0.0
1,Wagayakulama_Wewa,2,1.0648,0.9971139971139972,0.0676860028860028,0.0676860028860028
1,Wagayakulama_Wewa,3,1.1307,0.9835858585858587,0.14711414141414136,0.14711414141414136
1,Wagayakulama_Wewa,4,1.148,0.969877344877345,0.1781226551226549,0.1781226551226549
1,Wagayakulama_Wewa,5,1.1674,0.9594155844155844,0.2079844155844156,0.2079844155844156
1,Wagayakulama_Wewa,6,1.1486,0.9538239538239539,0.19477604617604616,0.19477604617604616
1,Wagayakulama_Wewa,7,1.2024,0.9377705627705628,0.2646294372294371,0.2646294372294371
1,Wagayakulama,1,1.0,1.0,0.0,0.0
1,Wagayakulama,2,1.0186,0.997247935951964,0.021352064048035913,0.021352064048035913
1,Wagayakulama,3,1.0831,0.973980485364023,0.10911951463597691,0.10911951463597691
1,Wagayakulama,4,1.0394,0.9567175381536153,0.08268246184638484,0.08268246184638484
1,Wagayakulama,5,1.0311,0.9517137853390043,0.0793862146609956,0.0793862146609956
1,Wagayakulama,6,1.0974,0.9477107830873156,0.14968921691268433,0.14968921691268433
1,Wagayakulama,7,1.169,0.9301976482361771,0.23880235176382292,0.23880235176382292
1,Alittana_Wewa,1,1.0,1.0,0.0,0.0
1,Alittana_Wewa,2,0.9942,0.9992694330800702,-0.00506943308007024,0.00506943308007024
1,Alittana_Wewa,3,0.9891,1.0013150204558738,-0.01221502045587386,0.01221502045587386
1,Alittana_Wewa,4,0.9848,1.0037989479836353,-0.018998947983635328,0.018998947983635328
1,Alittana_Wewa,5,0.979,0.9931326709526592,-0.014132670952659243,0.014132670952659243
1,Alittana_Wewa,6,0.9743,0.989625949736996,-0.01532594973699597,0.01532594973699597
1,Alittana_Wewa,7,0.9695,0.9793980128579778,-0.009898012857977756,0.009898012857977756
1,Wannanmaduwa_Wewa,1,1.0,1.0,0.0,0.0
1,Wannanmaduwa_Wewa,2,0.9976,0.998737019365703,-0.0011370193657029848,0.0011370193657029848
1,Wannanmaduwa_Wewa,3,0.9963,1.0022452989054167,-0.005945298905416729,0.005945298905416729
1,Wannanmaduwa_Wewa,4,0.9919,1.0056132472635417,-0.013713247263541728,0.013713247263541728
1,Wannanmaduwa_Wewa,5,0.9852,0.9943867527364579,-0.00918675273645797,0.00918675273645797
1,Wannanmaduwa_Wewa,6,0.9857,0.9907381420151556,-0.005038142015155622,0.005038142015155622
1,Wannanmaduwa_Wewa,7,0.9821,0.9799326410328374,0.0021673589671625804,0.0021673589671625804
1,Wellamaduwa_Wewa,1,1.0,1.0,0.0,0.0
1,Wellamaduwa_Wewa,2,1.0077,0.9905638665132335,0.01713613348676657,0.01713613348676657
1,Wellamaduwa_Wewa,3,1.0222,0.9851553509781357,0.03704464902186433,0.03704464902186433
1,Wellamaduwa_Wewa,4,1.0237,0.9762945914844648,0.04740540851553521,0.04740540851553521
1,Wellamaduwa_Wewa,5,1.0512,0.9620253164556961,0.0891746835443038,0.0891746835443038
1,Wellamaduwa_Wewa,6,1.0656,0.9504027617951668,0.1151972382048333,0.1151972382048333
1,Wellamaduwa_Wewa,7,1.072,0.931645569620253,0.14035443037974704,0.14035443037974704
1,Sembukulama_Wewa,1,1.0,1.0,0.0,0.0
1,Sembukulama_Wewa,2,1.0078,0.987934469780828,0.019865530219172034,0.019865530219172034
1,Sembukulama_Wewa,3,0.9977,0.9807394288244409,0.016960571175559158,0.016960571175559158
1,Sembukulama_Wewa,4,1.0085,0.9667921186628293,0.04170788133717063,0.04170788133717063
1,Sembukulama_Wewa,5,0.9977,0.9520699579366837,0.045630042063316334,0.045630042063316334
1,Sembukulama_Wewa,6,1.0043,0.9386761124640247,0.06562388753597526,0.06562388753597526
1,Sembukulama_Wewa,7,1.0109,0.9166482178437015,0.09425178215629837,0.09425178215629837
1,Hammillakulama_Wewa,1,1.0,1.0,0.0,0.0
1,Hammillakulama_Wewa,2,1.0185,0.9983790355261379,0.020120964473862024,0.020120964473862024
1,Hammillakulama_Wewa,3,1.0268,1.0021612859651492,0.02463871403485074,0.02463871403485074
1,Hammillakulama_Wewa,4,1.0263,1.004727813048764,0.021572186951235972,0.021572186951235972
1,Hammillakulama_Wewa,5,1.0184,0.992840740240443,0.025559259759556974,0.025559259759556974
1,Hammillakulama_Wewa,6,1.029,0.9894637309198974,0.03953626908010255,0.03953626908010255
1,Hammillakulama_Wewa,7,1.0476,0.9782520599756855,0.06934794002431455,0.06934794002431455
1,Tirappane_Wewa,1,1.0,1.0,0.0,0.0
1,Tirappane_Wewa,2,1.0009,0.999293585758689,0.0016064142413109161,0.0016064142413109161
1,Tirappane_Wewa,3,0.9937,1.0035320712065556,-0.009832071206555604,0.009832071206555604
1,Tirappane_Wewa,4,0.9968,1.0074879909578978,-0.010687990957897742,0.010687990957897742
1,Tirappane_Wewa,5,0.998,0.9963266459451822,0.0016733540548178327,0.0016733540548178327
1,Tirappane_Wewa,6,1.0002,0.9936422718282,0.0065577281718000036,0.0065577281718000036
1,Tirappane_Wewa,7,1.0043,0.9831873410567957,0.021112658943204243,0.021112658943204243
1,Todamaduwa_Wewa,1,1.0,1.0,0.0,0.0
1,Todamaduwa_Wewa,2,1.0016,1.0024479804161566,-0.0008479804161565241,0.0008479804161565241
1,Todamaduwa_Wewa,3,1.0021,0.9847001223990208,0.017399877600979163,0.017399877600979163
1,Todamaduwa_Wewa,4,0.9969,0.971236230110159,0.02566376988984098,0.02566376988984098
1,Todamaduwa_Wewa,5,1.0016,0.9721542227662179,0.029445777233782167,0.029445777233782167
1,Todamaduwa_Wewa,6,1.0063,0.9807221542227661,0.025577845777233876,0.025577845777233876
1,Todamaduwa_Wewa,7,1.0027,0.966952264381885,0.03574773561811495,0.03574773561811495
1,Galwaduwawa_Wewa,1,1.0,1.0,0.0,0.0
1,Galwaduwawa_Wewa,2,1.1125,0.9982251521298174,0.1142748478701826,0.1142748478701826
1,Galwaduwawa_Wewa,3,1.26,0.9754056795131846,0.28459432048681543,0.28459432048681543
1,Galwaduwawa_Wewa,4,1.3955,0.9584178498985801,0.4370821501014198,0.4370821501014198
1,Galwaduwawa_Wewa,5,1.3479,0.9538539553752535,0.39404604462474657,0.39404604462474657
1,Galwaduwawa_Wewa,6,1.4704,0.9523326572008115,0.5180673427991884,0.5180673427991884
1,Galwaduwawa_Wewa,7,1.4167,0.9343306288032456,0.4823693711967545,0.4823693711967545
1,Galkulama_Wewa,1,1.0,1.0,0.0,0.0
1,Galkulama_Wewa,2,0.909,1.0079625292740046,-0.09896252927400462,0.09896252927400462
1,Galkulama_Wewa,3,0.8305,0.9962529274004683,-0.16575292740046832,0.16575292740046832
1,Galkulama_Wewa,4,0.8148,0.9873536299765806,-0.17255362997658064,0.17255362997658064
1,Galkulama_Wewa,5,0.8036,1.0004683840749413,-0.19686838407494134,0.19686838407494134
1,Galkulama_Wewa,6,0.7863,1.0206088992974238,-0.23430889929742382,0.23430889929742382
1,Galkulama_Wewa,7,0.7631,1.0182669789227166,-0.25516697892271656,0.25516697892271656
1,Nachchaduwa_Wewa,1,1.0,1.0,0.0,0.0
1,Nachchaduwa_Wewa,2,0.996,0.991386430678466,0.004613569321534006,0.004613569321534006
1,Nachchaduwa_Wewa,3,0.9922,0.9928023598820059,-0.000602359882005965,0.000602359882005965
1,Nachchaduwa_Wewa,4,0.9885,0.9909144542772862,-0.002414454277286149,0.002414454277286149
1,Nachchaduwa_Wewa,5,0.9855,0.9779351032448377,0.007564896755162365,0.007564896755162365
1,Nachchaduwa_Wewa,6,0.9817,0.9700294985250737,0.01167050147492632,0.01167050147492632
1,Nachchaduwa_Wewa,7,0.9777,0.9516224188790561,0.026077581120943938,0.026077581120943938
1,Irahandaketu_Wewa,1,1.0,1.0,0.0,0.0
1,Irahandaketu_Wewa,2,0.9923,0.9966977466977468,-0.0043977466977468405,0.0043977466977468405
1,Irahandaketu_Wewa,3,0.9762,0.9788267288267289,-0.0026267288267289857,0.0026267288267289857
1,Irahandaketu_Wewa,4,0.9721,0.9634809634809636,0.008619036519036394,0.008619036519036394
1,Irahandaketu_Wewa,5,0.9608,0.9541569541569541,0.006643045843045869,0.006643045843045869
1,Irahandaketu_Wewa,6,0.9636,0.9475524475524476,0.016047552447552405,0.016047552447552405
1,Irahandaketu_Wewa,7,0.9905,0.9298756798756799,0.060624320124320175,0.060624320124320175
