tank_name,elevation_m,latitude,longitude,tank_area_sqkm,catchment_area_km2,num_catchment_basins,capacity_acre_feet,depth_m,spill_level_mls,perimeter_km,catchment_area_original
Tawalanhalmillewa Wewa,146,8.113120999,80.56486553,,6.073888,2,,,,,
Settikulama  Wewa,145,8.116941449,80.55884747,,7.065182,2,,,,,
Pansala Wewa,140,8.124015358,80.5600438,,0.001881,2,,,,,
Kudaittikattiya Wewa,143,8.124561,80.542977,,2.568486,1,,,,,
Maha Ittikattiya Wewa,137,8.136556,80.541031,,9.356773,10,,,,,
Ulankulama Wewa,133,8.13919,80.55386,,9.416906,8,,,,,
Amane Wewa,137,8.144003,80.507638,,10.392892,2,,,,,
Ihala Amanakkattuwa Wewa,127,8.146975,80.491948,,1.148281,2,,,,,
Ethiniwetuna Wewa,137,8.146812,80.565155,,3.650796,2,,,,,
Pahala Amanakkattuwa Wewa,124,8.154533,80.49463,,0.602814,4,,,,,
Walagambahuwa Wewa,128,8.154419,80.509012,,6.065738,2,,,,,
Wendarakulama Wewa,135,8.154861,80.525338,,2.830675,1,,,,,
Marikkaragama Wewa,127,8.15792,80.48678,,7.598563,3,,,,,
Periyakulama Wewa,128,8.158391,80.551955,,12.269561,31,,,,,
Mawatha Wewa,126,8.1721,80.50953,,4.021118,2,,,,,
Meegassegama Wewa,125,8.17014,80.523025,,8.873589,6,,,,,
Mahakanumulla Wewa,119,8.17284,80.495096,,8.59797,11,,,,,
Manakkulama Wewa,121,8.17147,80.55004,,8.493463,4,,,,,
Kuda Kanumulla Wewa,119,8.18602,80.50575,,4.553241,2,,,,,
Wagayakulama Wewa,122,8.185262,80.482609,,6.047452,5,,,,,
Wagayakulama,122,8.188411,80.553109,,3.966382,2,,,,,
Alittana Wewa,119,8.187336,80.52104,,2.506971,1,,,,,
Wannanmaduwa Wewa,117,8.195081,80.541005,,11.123101,19,,,,,
Wellamaduwa Wewa,118,8.20173,80.48116,,6.088571,2,,,,,
Sembukulama Wewa,112,8.20368,80.50558,,6.151585,2,,,,,
Hammillakulama Wewa,110,8.216571,80.472496,,8.014945,3,,,,,
Tirappane Wewa,111,8.21633,80.51957,,12.503279,2,,,,,
Todamaduwa Wewa,110,8.225497,80.537873,,5.773251,9,,,,,
Galwaduwawa Wewa,113,8.267227,80.512098,,1.947081,1,,,,,
Galkulama Wewa,109,8.27357,80.498948,,1.30209,4,,,,,
Nachchaduwa Wewa,104,8.248901,80.488894,,90.696711,123,,,,,
Irahandaketu Wewa,123,8.28522,80.50927,,2.262899,1,,,,,
