rank,tank,importance_score,downstream_reach,betweenness,pagerank,in_degree,out_degree
1,Periyakulama Wewa,0.6205951248381127,4,0.03010752688172043,0.06372387698179563,3,1
2,Manakkulama Wewa,0.5265926353420337,3,0.025806451612903226,0.06440667395809309,1,1
3,Pansala Wewa,0.4600730144573592,6,0.012903225806451613,0.027647864525565675,2,1
4,Ulankulama Wewa,0.45919495158030693,5,0.016129032258064516,0.03374122950327853,1,1
5,Wannanmaduwa Wewa,0.44814632965215173,2,0.021505376344086023,0.07368583375823688,2,1
6,Pahala Amanakkattuwa Wewa,0.3463554105285192,3,0.012903225806451613,0.04375040305738069,3,1
7,Nachchaduwa Wewa,0.3333333333333334,0,0.0,0.19444039186635226,7,0
8,Settikulama  Wewa,0.3333333333333333,7,0.0,0.010240056468287559,0,1
9,Tawalanhalmillewa Wewa,0.3333333333333333,7,0.0,0.010240056468287559,0,1
10,Mahakanumulla Wewa,0.3211409270516902,2,0.012903225806451613,0.056131187745713046,2,1
11,Maha Ittikattiya Wewa,0.31336984056201295,5,0.005376344086021506,0.01894396049692662,1,1
12,Todamaduwa Wewa,0.29192228443081353,1,0.011827956989247311,0.07287785346915675,1,1
13,Kudaittikattiya Wewa,0.2857142857142857,6,0.0,0.010240056468287559,0,1
14,Ihala Amanakkattuwa Wewa,0.2538460310382034,4,0.004301075268817204,0.01894396049692662,1,1
15,Sembukulama Wewa,0.2449440388785801,1,0.008602150537634409,0.06665337792897587,3,1
16,Amane Wewa,0.23809523809523805,5,0.0,0.010240056468287559,0,1
17,Ethiniwetuna Wewa,0.23809523809523805,5,0.0,0.010240056468287559,0,1
18,Meegassegama Wewa,0.1943222215143939,3,0.0032258064516129032,0.01894396049692662,1,1
19,Walagambahuwa Wewa,0.19047619047619047,4,0.0,0.010240056468287559,0,1
20,Wendarakulama Wewa,0.19047619047619047,4,0.0,0.010240056468287559,0,1
21,Marikkaragama Wewa,0.19047619047619047,4,0.0,0.010240056468287559,0,1
22,Alittana Wewa,0.17199668178544567,2,0.004301075268817204,0.026342595000102578,1,1
23,Mawatha Wewa,0.14285714285714285,3,0.0,0.010240056468287559,0,1
24,Wagayakulama,0.14285714285714285,3,0.0,0.010240056468287559,0,1
25,Wagayakulama Wewa,0.14285714285714285,3,0.0,0.010240056468287559,0,2
26,Tirappane Wewa,0.12385073737614515,1,0.0032258064516129032,0.03263001471072206,1,1
27,Irahandaketu Wewa,0.09523809523809523,2,0.0,0.010240056468287559,0,1
28,Wellamaduwa Wewa,0.09523809523809523,2,0.0,0.010240056468287559,0,2
29,Galkulama Wewa,0.07527460246677486,1,0.001075268817204301,0.01894396049692662,1,1
30,Hammillakulama Wewa,0.047619047619047616,1,0.0,0.010240056468287559,0,1
31,Galwaduwawa Wewa,0.047619047619047616,1,0.0,0.010240056468287559,0,1
32,Kuda Kanumulla Wewa,0.00787539647148267,0,0.0,0.014592008482607088,1,0
