,run_0,run_1,run_2,run_3,run_4,run_5,run_6,run_7,run_8,run_9,mean_rank,std_rank,cv
Nachchaduwa Wewa,1.0,1.0,2.0,1.0,4.0,3.0,3.0,5.0,5.0,1.0,2.6,1.562049935181331,0.6007884366082042
Hammillakulama Wewa,3.0,2.0,3.0,4.0,1.0,1.0,6.0,3.0,2.0,2.0,2.7,1.4177446878757824,0.5250906251391787
Galwaduwawa Wewa,8.0,3.0,4.0,6.0,2.0,2.0,10.0,2.0,3.0,7.0,4.7,2.72213151776324,0.5791769186730298
Manakkulama Wewa,2.0,32.0,1.0,2.0,5.0,4.0,1.0,1.0,1.0,8.0,5.7,9.033825324855469,1.5848816359395559
Tawalanhalmillewa Wewa,10.0,4.0,7.0,5.0,7.0,7.0,2.0,6.0,8.0,3.0,5.9,2.3,0.38983050847457623
Todamaduwa Wewa,4.0,8.0,5.0,16.0,3.0,5.0,12.0,4.0,4.0,6.0,6.7,3.976179070414209,0.5934595627483894
Pansala Wewa,14.0,6.0,12.0,9.0,9.0,9.0,4.0,9.0,13.0,4.0,8.9,3.3000000000000003,0.3707865168539326
Settikulama  Wewa,13.0,5.0,14.0,8.0,8.0,8.0,5.0,10.0,16.0,5.0,9.2,3.7629775444453557,0.4090192983092778
Walagambahuwa Wewa,5.0,16.0,8.0,10.0,14.0,11.0,15.0,11.0,7.0,16.0,11.3,3.6891733491393435,0.32647551762295074
Kudaittikattiya Wewa,21.0,13.0,6.0,15.0,17.0,12.0,7.0,19.0,10.0,9.0,12.9,4.805205510693586,0.37249655121655706
Galkulama Wewa,20.0,7.0,25.0,24.0,6.0,6.0,19.0,7.0,15.0,18.0,14.7,7.211795892841117,0.49059836005721885
Wannanmaduwa Wewa,11.0,29.0,13.0,14.0,15.0,16.0,17.0,8.0,14.0,14.0,15.1,5.223983154643591,0.3459591493141451
Maha Ittikattiya Wewa,22.0,17.0,9.0,18.0,18.0,13.0,8.0,24.0,17.0,10.0,15.6,5.1613951602255765,0.33085866411702414
Marikkaragama Wewa,15.0,19.0,16.0,11.0,16.0,18.0,23.0,17.0,6.0,20.0,16.1,4.52658811910251,0.2811545415591621
Amane Wewa,30.0,24.0,11.0,3.0,10.0,20.0,14.0,29.0,12.0,11.0,16.4,8.475848040166836,0.5168200024491973
Pahala Amanakkattuwa Wewa,9.0,21.0,19.0,12.0,19.0,19.0,24.0,15.0,11.0,21.0,17.0,4.711687595755898,0.277158093867994
Mawatha Wewa,7.0,10.0,22.0,13.0,21.0,27.0,26.0,13.0,9.0,24.0,17.2,7.180529228406497,0.41747262955851727
Wellamaduwa Wewa,23.0,12.0,23.0,28.0,13.0,10.0,18.0,14.0,20.0,19.0,18.0,5.440588203494177,0.30225490019412093
Irahandaketu Wewa,6.0,9.0,24.0,17.0,23.0,26.0,22.0,12.0,21.0,30.0,19.0,7.389181280764467,0.3889042779349719
Tirappane Wewa,24.0,11.0,27.0,26.0,11.0,15.0,21.0,16.0,23.0,17.0,19.1,5.61159513863928,0.2938007925989152
Ihala Amanakkattuwa Wewa,19.0,31.0,21.0,7.0,12.0,24.0,20.0,25.0,19.0,13.0,19.1,6.624952830020754,0.34685616911103423
Ulankulama Wewa,31.0,23.0,17.0,21.0,20.0,17.0,9.0,27.0,22.0,12.0,19.9,6.220128616033595,0.31256927718761784
Wendarakulama Wewa,16.0,28.0,10.0,27.0,29.0,22.0,16.0,20.0,30.0,25.0,22.3,6.341135544995077,0.28435585403565367
Wagayakulama,12.0,14.0,28.0,20.0,24.0,28.0,27.0,18.0,24.0,29.0,22.4,5.8,0.25892857142857145
Periyakulama Wewa,29.0,26.0,18.0,30.0,28.0,14.0,11.0,32.0,26.0,15.0,22.9,7.23118247591637,0.3157721605203655
Mahakanumulla Wewa,17.0,15.0,26.0,19.0,25.0,31.0,30.0,22.0,18.0,31.0,23.4,5.748043145279966,0.2456428694564088
Meegassegama Wewa,18.0,27.0,20.0,25.0,30.0,21.0,25.0,21.0,29.0,27.0,24.3,3.874274125562103,0.15943514920008656
Sembukulama Wewa,28.0,18.0,30.0,31.0,22.0,23.0,28.0,23.0,25.0,22.0,25.0,3.924283374069717,0.15697133496278867
Kuda Kanumulla Wewa,25.0,20.0,31.0,23.0,26.0,29.0,29.0,26.0,27.0,26.0,26.2,2.9933259094191533,0.11424908051218143
Ethiniwetuna Wewa,32.0,30.0,15.0,32.0,31.0,25.0,13.0,31.0,32.0,23.0,26.4,6.8731361109758335,0.2603460648096907
Wagayakulama Wewa,26.0,22.0,32.0,22.0,27.0,30.0,31.0,28.0,28.0,28.0,27.4,3.2,0.11678832116788322
Alittana Wewa,27.0,25.0,29.0,29.0,32.0,32.0,32.0,30.0,31.0,32.0,29.9,2.3000000000000003,0.07692307692307694
