Rank,Tank Name,Runoff Coefficient (C),Total Catchment Area (km),No. of Agrozones
1,Galkulama Wewa,0.4000000000000001,1.3020900560275126,4
2,Ihala Amanakkattuwa Wewa,0.4000000000000001,1.1482814847483258,2
3,Mahakanumulla Wewa,0.4000000000000001,8.59797028605415,11
4,Todamaduwa Wewa,0.4000000000000001,5.773251113170671,9
5,Sembukulama Wewa,0.4000000000000001,6.15158473937924,2
6,Periyakulama Wewa,0.4000000000000001,12.269560759432203,31
7,Pahala Amanakkattuwa Wewa,0.4000000000000001,0.6028140168882535,4
8,Wannanmaduwa Wewa,0.4000000000000001,11.123100924216736,19
9,Maha Ittikattiya Wewa,0.4,9.356772565091127,10
10,Kudaittikattiya Wewa,0.4,2.56848593347032,1
11,Irahandaketu Wewa,0.4,2.26289922123353,1
12,Galwaduwawa Wewa,0.4,1.94708056444611,1
13,Ethiniwetuna Wewa,0.4,3.65079583041548,2
14,Hammillakulama Wewa,0.4,8.014945457436996,3
15,Amane Wewa,0.4,10.39289217525255,2
16,Wellamaduwa Wewa,0.4,6.08857092850245,2
17,Mawatha Wewa,0.4,4.02111814111644,2
18,Manakkulama Wewa,0.4,8.49346303293691,4
19,Marikkaragama Wewa,0.4,7.59856348644643,3
20,Kuda Kanumulla Wewa,0.4,4.55324085568472,2
21,Pansala Wewa,0.4,0.001880994448617,2
22,Settikulama  Wewa,0.4,7.06518204778338,2
23,Nachchaduwa Wewa,0.4,90.69671093991971,123
24,Wendarakulama Wewa,0.4,2.83067493860367,1
25,Tawalanhalmillewa Wewa,0.4,6.07388800321524,2
26,Walagambahuwa Wewa,0.4,6.06573849140646,2
27,Tirappane Wewa,0.4,12.50327864539994,2
28,Alittana Wewa,0.39999999999999997,2.50697055091394,1
29,Meegassegama Wewa,0.39999999999999997,8.873588750709914,6
30,Wagayakulama Wewa,0.39999999999999997,10.013833571498672,7
31,Ulankulama Wewa,0.39999999999999997,9.416906251657831,8
