date,tank_id,day,m4_volume_ratio,m3_volume_ratio,ratio_difference,abs_ratio_difference
2026-07-29,Tawalanhalmillewa_Wewa,1,1.0,1.0,0.0,0.0
2026-07-29,Tawalanhalmillewa_Wewa,2,1.0182,1.0,0.0182,0.0182
2026-07-29,Tawalanhalmillewa_Wewa,3,1.0299,0.9869,0.0429,0.0429
2026-07-29,Tawalanhalmillewa_Wewa,4,1.0696,1.0078,0.0618,0.0618
2026-07-29,Tawalanhalmillewa_Wewa,5,1.7334,1.017,0.7164,0.7164
2026-07-29,Tawalanhalmillewa_Wewa,6,1.2263,1.0313,0.195,0.195
2026-07-29,Tawalanhalmillewa_Wewa,7,1.1482,1.0587,0.0894,0.0894
2026-07-29,Settikulama_Wewa,1,1.0,1.0,0.0,0.0
2026-07-29,Settikulama_Wewa,2,1.0075,0.9985,0.009,0.009
2026-07-29,Settikulama_Wewa,3,1.5409,0.9948,0.5461,0.5461
2026-07-29,Settikulama_Wewa,4,1.7934,0.9952,0.7982,0.7982
2026-07-29,Settikulama_Wewa,5,2.0334,0.9981,1.0353,1.0353
2026-07-29,Settikulama_Wewa,6,2.2316,0.9974,1.2342,1.2342
2026-07-29,Settikulama_Wewa,7,2.1418,1.0052,1.1366,1.1366
2026-07-29,Pansala_Wewa,1,1.0,1.0,0.0,0.0
2026-07-29,Pansala_Wewa,2,0.9521,0.9979,-0.0458,0.0458
2026-07-29,Pansala_Wewa,3,0.902,0.9936,-0.0916,0.0916
2026-07-29,Pansala_Wewa,4,0.8541,0.9932,-0.1392,0.1392
2026-07-29,Pansala_Wewa,5,0.804,0.9954,-0.1914,0.1914
2026-07-29,Pansala_Wewa,6,0.7543,0.9947,-0.2404,0.2404
2026-07-29,Pansala_Wewa,7,0.7125,1.0011,-0.2886,0.2886
2026-07-29,Maha_Ittikattiya_Wewa,1,1.0,1.0,0.0,0.0
2026-07-29,Maha_Ittikattiya_Wewa,2,0.9533,0.9942,-0.0409,0.0409
2026-07-29,Maha_Ittikattiya_Wewa,3,0.8905,0.9881,-0.0976,0.0976
2026-07-29,Maha_Ittikattiya_Wewa,4,0.8605,0.9848,-0.1243,0.1243
2026-07-29,Maha_Ittikattiya_Wewa,5,0.938,0.9842,-0.0462,0.0462
2026-07-29,Maha_Ittikattiya_Wewa,6,0.8947,0.9835,-0.0889,0.0889
2026-07-29,Maha_Ittikattiya_Wewa,7,0.8591,0.9858,-0.1267,0.1267
2026-07-29,Ulankulama_Wewa,1,1.0,1.0,0.0,0.0
2026-07-29,Ulankulama_Wewa,2,1.0015,0.9944,0.0071,0.0071
2026-07-29,Ulankulama_Wewa,3,1.0616,0.9862,0.0754,0.0754
2026-07-29,Ulankulama_Wewa,4,1.0865,0.976,0.1105,0.1105
2026-07-29,Ulankulama_Wewa,5,1.09,0.9726,0.1174,0.1174
2026-07-29,Ulankulama_Wewa,6,1.1553,0.9683,0.187,0.187
2026-07-29,Ulankulama_Wewa,7,1.1191,0.9567,0.1624,0.1624
2026-07-29,Amane_Wewa,1,1.0,1.0,0.0,0.0
2026-07-29,Amane_Wewa,2,0.9658,1.0027,-0.0369,0.0369
2026-07-29,Amane_Wewa,3,0.9704,1.0001,-0.0297,0.0297
2026-07-29,Amane_Wewa,4,0.9564,0.9974,-0.041,0.041
2026-07-29,Amane_Wewa,5,0.9164,0.9941,-0.0777,0.0777
2026-07-29,Amane_Wewa,6,0.8751,0.9916,-0.1165,0.1165
2026-07-29,Amane_Wewa,7,0.864,0.9821,-0.1181,0.1181
2026-07-29,Ihala_Amanakkattuwa_Wewa,1,1.0,1.0,0.0,0.0
2026-07-29,Ihala_Amanakkattuwa_Wewa,2,1.7704,1.0017,0.7686,0.7686
2026-07-29,Ihala_Amanakkattuwa_Wewa,3,2.4092,0.9931,1.4161,1.4161
2026-07-29,Ihala_Amanakkattuwa_Wewa,4,3.2498,1.026,2.2238,2.2238
2026-07-29,Ihala_Amanakkattuwa_Wewa,5,3.3379,1.0399,2.2981,2.2981
2026-07-29,Ihala_Amanakkattuwa_Wewa,6,3.3966,1.0659,2.3307,2.3307
2026-07-29,Ihala_Amanakkattuwa_Wewa,7,3.5289,1.1092,2.4197,2.4197
2026-07-29,Ethiniwetuna_Wewa,1,1.0,1.0,0.0,0.0
2026-07-29,Ethiniwetuna_Wewa,2,0.8795,0.9988,-0.1193,0.1193
2026-07-29,Ethiniwetuna_Wewa,3,0.8139,0.9927,-0.1788,0.1788
2026-07-29,Ethiniwetuna_Wewa,4,0.703,0.9844,-0.2815,0.2815
2026-07-29,Ethiniwetuna_Wewa,5,0.5818,0.9823,-0.4004,0.4004
2026-07-29,Ethiniwetuna_Wewa,6,0.4715,0.9786,-0.5071,0.5071
2026-07-29,Ethiniwetuna_Wewa,7,0.4149,0.9671,-0.5522,0.5522
2026-07-29,Pahala_Amanakkattuwa_Wewa,1,1.0,1.0,0.0,0.0
2026-07-29,Pahala_Amanakkattuwa_Wewa,2,0.8114,0.9904,-0.179,0.179
2026-07-29,Pahala_Amanakkattuwa_Wewa,3,0.635,0.9813,-0.3463,0.3463
2026-07-29,Pahala_Amanakkattuwa_Wewa,4,0.4558,0.971,-0.5153,0.5153
2026-07-29,Pahala_Amanakkattuwa_Wewa,5,0.4475,0.9654,-0.5179,0.5179
2026-07-29,Pahala_Amanakkattuwa_Wewa,6,0.4416,0.9613,-0.5196,0.5196
2026-07-29,Pahala_Amanakkattuwa_Wewa,7,0.4349,0.9531,-0.5182,0.5182
2026-07-29,Walagambahuwa_Wewa,1,1.0,1.0,0.0,0.0
2026-07-29,Walagambahuwa_Wewa,2,0.9701,0.9898,-0.0197,0.0197
2026-07-29,Walagambahuwa_Wewa,3,0.9333,0.9799,-0.0467,0.0467
2026-07-29,Walagambahuwa_Wewa,4,0.9317,0.9726,-0.0409,0.0409
2026-07-29,Walagambahuwa_Wewa,5,0.9031,0.9681,-0.0649,0.0649
2026-07-29,Walagambahuwa_Wewa,6,0.8914,0.9658,-0.0745,0.0745
2026-07-29,Walagambahuwa_Wewa,7,0.8862,0.9627,-0.0765,0.0765
2026-07-29,Wendarakulama_Wewa,1,1.0,1.0,0.0,0.0
2026-07-29,Wendarakulama_Wewa,2,0.9662,0.9902,-0.024,0.024
2026-07-29,Wendarakulama_Wewa,3,0.9283,0.981,-0.0527,0.0527
2026-07-29,Wendarakulama_Wewa,4,0.9227,0.9708,-0.0481,0.0481
2026-07-29,Wendarakulama_Wewa,5,0.8854,0.9652,-0.0798,0.0798
2026-07-29,Wendarakulama_Wewa,6,0.8236,0.9612,-0.1376,0.1376
2026-07-29,Wendarakulama_Wewa,7,0.8046,0.9529,-0.1482,0.1482
2026-07-29,Marikkaragama_Wewa,1,1.0,1.0,0.0,0.0
2026-07-29,Marikkaragama_Wewa,2,1.0063,0.9889,0.0174,0.0174
2026-07-29,Marikkaragama_Wewa,3,1.3503,0.9786,0.3716,0.3716
2026-07-29,Marikkaragama_Wewa,4,1.2694,0.9703,0.2991,0.2991
2026-07-29,Marikkaragama_Wewa,5,1.0802,0.9651,0.115,0.115
2026-07-29,Marikkaragama_Wewa,6,0.9359,0.9622,-0.0262,0.0262
2026-07-29,Marikkaragama_Wewa,7,0.73,0.9578,-0.2278,0.2278
2026-07-29,Periyakulama_Wewa,1,1.0,1.0,0.0,0.0
2026-07-29,Periyakulama_Wewa,2,0.995,0.9896,0.0055,0.0055
2026-07-29,Periyakulama_Wewa,3,1.0007,0.9805,0.0202,0.0202
2026-07-29,Periyakulama_Wewa,4,0.9954,0.971,0.0244,0.0244
2026-07-29,Periyakulama_Wewa,5,0.9965,0.9651,0.0314,0.0314
2026-07-29,Periyakulama_Wewa,6,1.0074,0.9617,0.0457,0.0457
2026-07-29,Periyakulama_Wewa,7,1.0055,0.9553,0.0502,0.0502
2026-07-29,Mawatha_Wewa,1,1.0,1.0,0.0,0.0
2026-07-29,Mawatha_Wewa,2,0.9373,0.9992,-0.0619,0.0619
2026-07-29,Mawatha_Wewa,3,0.8798,0.9934,-0.1136,0.1136
2026-07-29,Mawatha_Wewa,4,0.821,0.9946,-0.1736,0.1736
2026-07-29,Mawatha_Wewa,5,0.9256,0.9988,-0.0731,0.0731
2026-07-29,Mawatha_Wewa,6,0.918,0.9967,-0.0787,0.0787
2026-07-29,Mawatha_Wewa,7,0.9192,1.005,-0.0858,0.0858
2026-07-29,Meegassegama_Wewa,1,1.0,1.0,0.0,0.0
2026-07-29,Meegassegama_Wewa,2,0.9884,0.9902,-0.0019,0.0019
2026-07-29,Meegassegama_Wewa,3,0.9668,0.9811,-0.0143,0.0143
2026-07-29,Meegassegama_Wewa,4,0.954,0.9709,-0.0169,0.0169
2026-07-29,Meegassegama_Wewa,5,0.963,0.9652,-0.0022,0.0022
2026-07-29,Meegassegama_Wewa,6,0.9546,0.9613,-0.0067,0.0067
2026-07-29,Meegassegama_Wewa,7,0.9334,0.9535,-0.0201,0.0201
2026-07-29,Mahakanumulla_Wewa,1,1.0,1.0,0.0,0.0
2026-07-29,Mahakanumulla_Wewa,2,1.2009,1.0,0.2009,0.2009
2026-07-29,Mahakanumulla_Wewa,3,1.2106,0.9859,0.2247,0.2247
2026-07-29,Mahakanumulla_Wewa,4,1.2194,1.0051,0.2142,0.2142
2026-07-29,Mahakanumulla_Wewa,5,1.2204,1.0154,0.205,0.205
2026-07-29,Mahakanumulla_Wewa,6,1.3198,1.0269,0.2929,0.2929
2026-07-29,Mahakanumulla_Wewa,7,1.3241,1.0551,0.2691,0.2691
2026-07-29,Manakkulama_Wewa,1,1.0,1.0,0.0,0.0
2026-07-29,Manakkulama_Wewa,2,0.8902,0.9932,-0.1029,0.1029
2026-07-29,Manakkulama_Wewa,3,0.7215,1.0274,-0.3059,0.3059
2026-07-29,Manakkulama_Wewa,4,0.7562,1.1918,-0.4356,0.4356
2026-07-29,Manakkulama_Wewa,5,0.7441,1.2192,-0.4751,0.4751
2026-07-29,Manakkulama_Wewa,6,1.1089,1.4041,-0.2952,0.2952
2026-07-29,Manakkulama_Wewa,7,0.8181,1.6438,-0.8257,0.8257
2026-07-29,Kuda_Kanumulla_Wewa,1,1.0,1.0,0.0,0.0
2026-07-29,Kuda_Kanumulla_Wewa,2,0.9559,0.9925,-0.0366,0.0366
2026-07-29,Kuda_Kanumulla_Wewa,3,0.9191,0.9835,-0.0644,0.0644
2026-07-29,Kuda_Kanumulla_Wewa,4,0.907,0.9729,-0.066,0.066
2026-07-29,Kuda_Kanumulla_Wewa,5,0.8598,0.9682,-0.1083,0.1083
2026-07-29,Kuda_Kanumulla_Wewa,6,0.84,0.9634,-0.1234,0.1234
2026-07-29,Kuda_Kanumulla_Wewa,7,0.8045,0.9528,-0.1483,0.1483
2026-07-29,Wagayakulama_Wewa,1,1.0,1.0,0.0,0.0
2026-07-29,Wagayakulama_Wewa,2,0.8311,0.9937,-0.1626,0.1626
2026-07-29,Wagayakulama_Wewa,3,0.8647,0.9871,-0.1224,0.1224
2026-07-29,Wagayakulama_Wewa,4,0.6883,0.9834,-0.295,0.295
2026-07-29,Wagayakulama_Wewa,5,0.6077,0.9824,-0.3747,0.3747
2026-07-29,Wagayakulama_Wewa,6,1.0872,0.9815,0.1057,0.1057
2026-07-29,Wagayakulama_Wewa,7,1.4103,0.9827,0.4275,0.4275
2026-07-29,Wagayakulama,1,1.0,1.0,0.0,0.0
2026-07-29,Wagayakulama,2,1.0203,1.0,0.0203,0.0203
2026-07-29,Wagayakulama,3,1.0262,0.9864,0.0398,0.0398
2026-07-29,Wagayakulama,4,1.0183,1.005,0.0134,0.0134
2026-07-29,Wagayakulama,5,1.0524,1.0149,0.0375,0.0375
2026-07-29,Wagayakulama,6,1.0914,1.0261,0.0653,0.0653
2026-07-29,Wagayakulama,7,1.0615,1.0521,0.0094,0.0094
2026-07-29,Alittana_Wewa,1,1.0,1.0,0.0,0.0
2026-07-29,Alittana_Wewa,2,1.0302,0.9981,0.0321,0.0321
2026-07-29,Alittana_Wewa,3,1.0438,0.9814,0.0623,0.0623
2026-07-29,Alittana_Wewa,4,1.0896,0.9907,0.0989,0.0989
2026-07-29,Alittana_Wewa,5,1.0987,0.9981,0.1006,0.1006
2026-07-29,Alittana_Wewa,6,1.1113,1.0,0.1113,0.1113
2026-07-29,Alittana_Wewa,7,1.1373,1.0148,0.1225,0.1225
2026-07-29,Wannanmaduwa_Wewa,1,1.0,1.0,0.0,0.0
2026-07-29,Wannanmaduwa_Wewa,2,0.9697,0.9887,-0.019,0.019
2026-07-29,Wannanmaduwa_Wewa,3,0.9357,0.9789,-0.0432,0.0432
2026-07-29,Wannanmaduwa_Wewa,4,0.9134,0.9699,-0.0564,0.0564
2026-07-29,Wannanmaduwa_Wewa,5,0.8849,0.9641,-0.0791,0.0791
2026-07-29,Wannanmaduwa_Wewa,6,0.8837,0.9611,-0.0774,0.0774
2026-07-29,Wannanmaduwa_Wewa,7,0.8663,0.9558,-0.0895,0.0895
2026-07-29,Wellamaduwa_Wewa,1,1.0,1.0,0.0,0.0
2026-07-29,Wellamaduwa_Wewa,2,1.0787,0.9966,0.0821,0.0821
2026-07-29,Wellamaduwa_Wewa,3,1.0984,0.9922,0.1062,0.1062
2026-07-29,Wellamaduwa_Wewa,4,1.1259,0.9916,0.1343,0.1343
2026-07-29,Wellamaduwa_Wewa,5,1.1162,0.9929,0.1233,0.1233
2026-07-29,Wellamaduwa_Wewa,6,1.0924,0.9926,0.0998,0.0998
2026-07-29,Wellamaduwa_Wewa,7,1.0889,0.9976,0.0913,0.0913
2026-07-29,Sembukulama_Wewa,1,1.0,1.0,0.0,0.0
2026-07-29,Sembukulama_Wewa,2,1.186,0.9974,0.1886,0.1886
2026-07-29,Sembukulama_Wewa,3,1.2468,0.9829,0.2639,0.2639
2026-07-29,Sembukulama_Wewa,4,1.7934,1.0013,0.7921,0.7921
2026-07-29,Sembukulama_Wewa,5,1.8138,1.0105,0.8033,0.8033
2026-07-29,Sembukulama_Wewa,6,1.8149,1.0197,0.7952,0.7952
2026-07-29,Sembukulama_Wewa,7,1.831,1.0474,0.7836,0.7836
2026-07-29,Hammillakulama_Wewa,1,1.0,1.0,0.0,0.0
2026-07-29,Hammillakulama_Wewa,2,0.9868,1.0026,-0.0158,0.0158
2026-07-29,Hammillakulama_Wewa,3,0.9796,0.9998,-0.0201,0.0201
2026-07-29,Hammillakulama_Wewa,4,0.9615,0.9959,-0.0344,0.0344
2026-07-29,Hammillakulama_Wewa,5,0.9882,0.9936,-0.0053,0.0053
2026-07-29,Hammillakulama_Wewa,6,1.0024,0.9911,0.0113,0.0113
2026-07-29,Hammillakulama_Wewa,7,0.9927,0.9816,0.0111,0.0111
2026-07-29,Tirappane_Wewa,1,1.0,1.0,0.0,0.0
2026-07-29,Tirappane_Wewa,2,1.0132,0.9928,0.0204,0.0204
2026-07-29,Tirappane_Wewa,3,0.9942,0.9845,0.0097,0.0097
2026-07-29,Tirappane_Wewa,4,0.9927,0.9745,0.0183,0.0183
2026-07-29,Tirappane_Wewa,5,0.9858,0.97,0.0158,0.0158
2026-07-29,Tirappane_Wewa,6,0.9667,0.9659,0.0008,0.0008
2026-07-29,Tirappane_Wewa,7,0.9609,0.9558,0.0052,0.0052
2026-07-29,Todamaduwa_Wewa,1,1.0,1.0,0.0,0.0
2026-07-29,Todamaduwa_Wewa,2,1.0126,0.9976,0.0151,0.0151
2026-07-29,Todamaduwa_Wewa,3,1.0556,0.9874,0.0682,0.0682
2026-07-29,Todamaduwa_Wewa,4,1.0337,0.9879,0.0458,0.0458
2026-07-29,Todamaduwa_Wewa,5,1.013,0.9913,0.0217,0.0217
2026-07-29,Todamaduwa_Wewa,6,1.002,0.9869,0.0151,0.0151
2026-07-29,Todamaduwa_Wewa,7,0.9809,0.9947,-0.0137,0.0137
2026-07-29,Galkulama_Wewa,1,1.0,1.0,0.0,0.0
2026-07-29,Galkulama_Wewa,2,0.8826,0.9891,-0.1065,0.1065
2026-07-29,Galkulama_Wewa,3,0.7562,0.9793,-0.2231,0.2231
2026-07-29,Galkulama_Wewa,4,0.623,0.9711,-0.3481,0.3481
2026-07-29,Galkulama_Wewa,5,0.5534,0.9662,-0.4128,0.4128
2026-07-29,Galkulama_Wewa,6,0.5495,0.9634,-0.4139,0.4139
2026-07-29,Galkulama_Wewa,7,0.5298,0.9596,-0.4298,0.4298
2026-07-29,Nachchaduwa_Wewa,1,1.0,1.0,0.0,0.0
2026-07-29,Nachchaduwa_Wewa,2,0.9911,1.0004,-0.0093,0.0093
2026-07-29,Nachchaduwa_Wewa,3,0.9801,0.996,-0.0159,0.0159
2026-07-29,Nachchaduwa_Wewa,4,0.9686,0.989,-0.0204,0.0204
2026-07-29,Nachchaduwa_Wewa,5,0.9571,0.9872,-0.0301,0.0301
2026-07-29,Nachchaduwa_Wewa,6,0.9458,0.9841,-0.0384,0.0384
2026-07-29,Nachchaduwa_Wewa,7,0.9341,0.9739,-0.0397,0.0397
2026-07-29,Irahandaketu_Wewa,1,1.0,1.0,0.0,0.0
2026-07-29,Irahandaketu_Wewa,2,0.9489,0.9895,-0.0406,0.0406
2026-07-29,Irahandaketu_Wewa,3,0.8895,0.9799,-0.0904,0.0904
2026-07-29,Irahandaketu_Wewa,4,0.8236,0.9699,-0.1463,0.1463
2026-07-29,Irahandaketu_Wewa,5,0.8147,0.9639,-0.1492,0.1492
2026-07-29,Irahandaketu_Wewa,6,0.7644,0.9601,-0.1957,0.1957
2026-07-29,Irahandaketu_Wewa,7,0.6948,0.953,-0.2581,0.2581
2026-07-30,Tawalanhalmillewa_Wewa,1,1.0,1.0,0.0,0.0
2026-07-30,Tawalanhalmillewa_Wewa,2,1.0577,0.0124,1.0452,1.0452
2026-07-30,Tawalanhalmillewa_Wewa,3,1.0661,0.9751,0.091,0.091
2026-07-30,Tawalanhalmillewa_Wewa,4,1.0224,0.9586,0.0638,0.0638
2026-07-30,Tawalanhalmillewa_Wewa,5,1.0746,0.9738,0.1008,0.1008
2026-07-30,Tawalanhalmillewa_Wewa,6,1.0881,0.9724,0.1157,0.1157
2026-07-30,Tawalanhalmillewa_Wewa,7,1.0905,0.9807,0.1098,0.1098
2026-07-30,Settikulama_Wewa,1,1.0,1.0,0.0,0.0
2026-07-30,Settikulama_Wewa,2,0.9333,0.8635,0.0698,0.0698
2026-07-30,Settikulama_Wewa,3,1.8223,0.9801,0.8422,0.8422
2026-07-30,Settikulama_Wewa,4,2.5487,0.9687,1.58,1.58
2026-07-30,Settikulama_Wewa,5,2.7974,0.9603,1.8371,1.8371
2026-07-30,Settikulama_Wewa,6,4.2757,0.9536,3.322,3.322
2026-07-30,Settikulama_Wewa,7,4.3014,0.9467,3.3548,3.3548
2026-07-30,Pansala_Wewa,1,1.0,1.0,0.0,0.0
2026-07-30,Pansala_Wewa,2,0.9506,0.8529,0.0977,0.0977
2026-07-30,Pansala_Wewa,3,0.9064,0.9857,-0.0793,0.0793
2026-07-30,Pansala_Wewa,4,0.8609,0.9771,-0.1162,0.1162
2026-07-30,Pansala_Wewa,5,0.8215,0.9707,-0.1492,0.1492
2026-07-30,Pansala_Wewa,6,0.7715,0.9642,-0.1927,0.1927
2026-07-30,Pansala_Wewa,7,0.7262,0.9603,-0.2341,0.2341
2026-07-30,Maha_Ittikattiya_Wewa,1,1.0,1.0,0.0,0.0
2026-07-30,Maha_Ittikattiya_Wewa,2,1.0005,0.8019,0.1986,0.1986
2026-07-30,Maha_Ittikattiya_Wewa,3,0.9654,0.9868,-0.0214,0.0214
2026-07-30,Maha_Ittikattiya_Wewa,4,0.9672,0.9797,-0.0125,0.0125
2026-07-30,Maha_Ittikattiya_Wewa,5,0.9435,0.9735,-0.03,0.03
2026-07-30,Maha_Ittikattiya_Wewa,6,0.9175,0.9684,-0.0509,0.0509
2026-07-30,Maha_Ittikattiya_Wewa,7,0.8782,0.9642,-0.086,0.086
2026-07-30,Ulankulama_Wewa,1,1.0,1.0,0.0,0.0
2026-07-30,Ulankulama_Wewa,2,0.9962,0.9961,0.0001,0.0001
2026-07-30,Ulankulama_Wewa,3,1.0407,0.9934,0.0473,0.0473
2026-07-30,Ulankulama_Wewa,4,1.0299,0.9894,0.0404,0.0404
2026-07-30,Ulankulama_Wewa,5,1.0286,0.9869,0.0417,0.0417
2026-07-30,Ulankulama_Wewa,6,1.0324,0.9842,0.0483,0.0483
2026-07-30,Ulankulama_Wewa,7,1.0136,0.9819,0.0317,0.0317
2026-07-30,Amane_Wewa,1,1.0,1.0,0.0,0.0
2026-07-30,Amane_Wewa,2,0.9951,0.8804,0.1148,0.1148
2026-07-30,Amane_Wewa,3,0.9368,0.9947,-0.0579,0.0579
2026-07-30,Amane_Wewa,4,0.9334,0.99,-0.0566,0.0566
2026-07-30,Amane_Wewa,5,0.9266,0.9858,-0.0591,0.0591
2026-07-30,Amane_Wewa,6,0.9063,0.9827,-0.0764,0.0764
2026-07-30,Amane_Wewa,7,0.9005,0.9739,-0.0734,0.0734
2026-07-30,Ihala_Amanakkattuwa_Wewa,1,1.0,1.0,0.0,0.0
2026-07-30,Ihala_Amanakkattuwa_Wewa,2,1.4478,2.0039,-0.5561,0.5561
2026-07-30,Ihala_Amanakkattuwa_Wewa,3,3.0271,0.9884,2.0387,2.0387
2026-07-30,Ihala_Amanakkattuwa_Wewa,4,3.0879,0.9749,2.113,2.113
2026-07-30,Ihala_Amanakkattuwa_Wewa,5,3.1285,1.0077,2.1208,2.1208
2026-07-30,Ihala_Amanakkattuwa_Wewa,6,2.5472,1.0058,1.5414,1.5414
2026-07-30,Ihala_Amanakkattuwa_Wewa,7,2.473,1.0232,1.4499,1.4499
2026-07-30,Ethiniwetuna_Wewa,1,1.0,1.0,0.0,0.0
2026-07-30,Ethiniwetuna_Wewa,2,0.9159,0.742,0.1739,0.1739
2026-07-30,Ethiniwetuna_Wewa,3,0.8882,0.9905,-0.1023,0.1023
2026-07-30,Ethiniwetuna_Wewa,4,0.8155,0.9856,-0.1702,0.1702
2026-07-30,Ethiniwetuna_Wewa,5,0.7577,0.9832,-0.2255,0.2255
2026-07-30,Ethiniwetuna_Wewa,6,0.7063,0.9813,-0.275,0.275
2026-07-30,Ethiniwetuna_Wewa,7,0.6218,0.9764,-0.3546,0.3546
2026-07-30,Pahala_Amanakkattuwa_Wewa,1,1.0,1.0,0.0,0.0
2026-07-30,Pahala_Amanakkattuwa_Wewa,2,0.8257,0.8452,-0.0196,0.0196
2026-07-30,Pahala_Amanakkattuwa_Wewa,3,0.6426,0.9933,-0.3507,0.3507
2026-07-30,Pahala_Amanakkattuwa_Wewa,4,0.4637,0.9885,-0.5247,0.5247
2026-07-30,Pahala_Amanakkattuwa_Wewa,5,0.4485,0.983,-0.5345,0.5345
2026-07-30,Pahala_Amanakkattuwa_Wewa,6,0.4353,0.9778,-0.5425,0.5425
2026-07-30,Pahala_Amanakkattuwa_Wewa,7,0.4218,0.9778,-0.556,0.556
2026-07-30,Walagambahuwa_Wewa,1,1.0,1.0,0.0,0.0
2026-07-30,Walagambahuwa_Wewa,2,0.9781,0.6134,0.3647,0.3647
2026-07-30,Walagambahuwa_Wewa,3,0.9682,0.9912,-0.0231,0.0231
2026-07-30,Walagambahuwa_Wewa,4,0.9402,0.9853,-0.045,0.045
2026-07-30,Walagambahuwa_Wewa,5,0.9411,0.979,-0.038,0.038
2026-07-30,Walagambahuwa_Wewa,6,0.9246,0.9736,-0.049,0.049
2026-07-30,Walagambahuwa_Wewa,7,0.9094,0.9711,-0.0617,0.0617
2026-07-30,Wendarakulama_Wewa,1,1.0,1.0,0.0,0.0
2026-07-30,Wendarakulama_Wewa,2,0.9403,0.9337,0.0066,0.0066
2026-07-30,Wendarakulama_Wewa,3,0.9012,0.9935,-0.0923,0.0923
2026-07-30,Wendarakulama_Wewa,4,0.849,0.9887,-0.1397,0.1397
2026-07-30,Wendarakulama_Wewa,5,0.804,0.983,-0.1791,0.1791
2026-07-30,Wendarakulama_Wewa,6,0.7541,0.9778,-0.2237,0.2237
2026-07-30,Wendarakulama_Wewa,7,0.7106,0.9771,-0.2666,0.2666
2026-07-30,Marikkaragama_Wewa,1,1.0,1.0,0.0,0.0
2026-07-30,Marikkaragama_Wewa,2,0.8474,0.8054,0.042,0.042
2026-07-30,Marikkaragama_Wewa,3,0.8623,0.9935,-0.1311,0.1311
2026-07-30,Marikkaragama_Wewa,4,0.7943,0.9889,-0.1946,0.1946
2026-07-30,Marikkaragama_Wewa,5,0.7446,0.984,-0.2394,0.2394
2026-07-30,Marikkaragama_Wewa,6,0.6536,0.9793,-0.3257,0.3257
2026-07-30,Marikkaragama_Wewa,7,0.5716,0.9777,-0.4061,0.4061
2026-07-30,Periyakulama_Wewa,1,1.0,1.0,0.0,0.0
2026-07-30,Periyakulama_Wewa,2,1.0103,0.989,0.0213,0.0213
2026-07-30,Periyakulama_Wewa,3,1.0121,0.9952,0.0169,0.0169
2026-07-30,Periyakulama_Wewa,4,1.0284,0.9922,0.0362,0.0362
2026-07-30,Periyakulama_Wewa,5,1.0299,0.9886,0.0414,0.0414
2026-07-30,Periyakulama_Wewa,6,1.0322,0.9849,0.0473,0.0473
2026-07-30,Periyakulama_Wewa,7,1.0311,0.9845,0.0467,0.0467
2026-07-30,Mawatha_Wewa,1,1.0,1.0,0.0,0.0
2026-07-30,Mawatha_Wewa,2,0.9707,0.8641,0.1067,0.1067
2026-07-30,Mawatha_Wewa,3,0.9878,0.9814,0.0064,0.0064
2026-07-30,Mawatha_Wewa,4,0.9905,0.9706,0.0199,0.0199
2026-07-30,Mawatha_Wewa,5,0.9917,0.9644,0.0274,0.0274
2026-07-30,Mawatha_Wewa,6,1.0018,0.959,0.0428,0.0428
2026-07-30,Mawatha_Wewa,7,0.98,0.9528,0.0273,0.0273
2026-07-30,Meegassegama_Wewa,1,1.0,1.0,0.0,0.0
2026-07-30,Meegassegama_Wewa,2,1.022,0.8738,0.1483,0.1483
2026-07-30,Meegassegama_Wewa,3,1.034,0.994,0.04,0.04
2026-07-30,Meegassegama_Wewa,4,1.0699,0.9897,0.0801,0.0801
2026-07-30,Meegassegama_Wewa,5,1.0658,0.9846,0.0811,0.0811
2026-07-30,Meegassegama_Wewa,6,1.0768,0.9799,0.0969,0.0969
2026-07-30,Meegassegama_Wewa,7,1.0709,0.9786,0.0923,0.0923
2026-07-30,Mahakanumulla_Wewa,1,1.0,1.0,0.0,0.0
2026-07-30,Mahakanumulla_Wewa,2,1.0397,0.9646,0.0752,0.0752
2026-07-30,Mahakanumulla_Wewa,3,1.0545,0.9823,0.0722,0.0722
2026-07-30,Mahakanumulla_Wewa,4,1.0817,0.9823,0.0994,0.0994
2026-07-30,Mahakanumulla_Wewa,5,1.127,1.0082,0.1188,0.1188
2026-07-30,Mahakanumulla_Wewa,6,1.1684,1.0218,0.1466,0.1466
2026-07-30,Mahakanumulla_Wewa,7,1.1815,1.0395,0.142,0.142
2026-07-30,Manakkulama_Wewa,1,1.0,1.0,0.0,0.0
2026-07-30,Manakkulama_Wewa,2,1.4492,0.3761,1.0732,1.0732
2026-07-30,Manakkulama_Wewa,3,1.7088,0.9231,0.7857,0.7857
2026-07-30,Manakkulama_Wewa,4,1.7631,0.8547,0.9084,0.9084
2026-07-30,Manakkulama_Wewa,5,2.0773,0.9573,1.12,1.12
2026-07-30,Manakkulama_Wewa,6,1.962,0.9145,1.0475,1.0475
2026-07-30,Manakkulama_Wewa,7,2.0059,1.0513,0.9546,0.9546
2026-07-30,Kuda_Kanumulla_Wewa,1,1.0,1.0,0.0,0.0
2026-07-30,Kuda_Kanumulla_Wewa,2,0.9593,0.9669,-0.0076,0.0076
2026-07-30,Kuda_Kanumulla_Wewa,3,0.9297,0.9945,-0.0648,0.0648
2026-07-30,Kuda_Kanumulla_Wewa,4,0.9079,0.9912,-0.0832,0.0832
2026-07-30,Kuda_Kanumulla_Wewa,5,0.864,0.9888,-0.1248,0.1248
2026-07-30,Kuda_Kanumulla_Wewa,6,0.8332,0.9869,-0.1537,0.1537
2026-07-30,Kuda_Kanumulla_Wewa,7,0.7998,0.9873,-0.1875,0.1875
2026-07-30,Wagayakulama_Wewa,1,1.0,1.0,0.0,0.0
2026-07-30,Wagayakulama_Wewa,2,0.8842,0.3951,0.4892,0.4892
2026-07-30,Wagayakulama_Wewa,3,0.7784,0.9875,-0.2091,0.2091
2026-07-30,Wagayakulama_Wewa,4,0.7226,0.9799,-0.2574,0.2574
2026-07-30,Wagayakulama_Wewa,5,0.6654,0.9734,-0.3079,0.3079
2026-07-30,Wagayakulama_Wewa,6,0.7215,0.9677,-0.2462,0.2462
2026-07-30,Wagayakulama_Wewa,7,0.6847,0.9633,-0.2786,0.2786
2026-07-30,Wagayakulama,1,1.0,1.0,0.0,0.0
2026-07-30,Wagayakulama,2,1.0763,0.9866,0.0898,0.0898
2026-07-30,Wagayakulama,3,1.3039,0.9893,0.3147,0.3147
2026-07-30,Wagayakulama,4,1.4614,0.9812,0.4802,0.4802
2026-07-30,Wagayakulama,5,1.5232,1.004,0.5192,0.5192
2026-07-30,Wagayakulama,6,1.5642,1.0081,0.5561,0.5561
2026-07-30,Wagayakulama,7,1.5806,1.0201,0.5605,0.5605
2026-07-30,Alittana_Wewa,1,1.0,1.0,0.0,0.0
2026-07-30,Alittana_Wewa,2,1.0233,0.6657,0.3576,0.3576
2026-07-30,Alittana_Wewa,3,1.0354,0.9892,0.0463,0.0463
2026-07-30,Alittana_Wewa,4,1.0491,0.9832,0.0659,0.0659
2026-07-30,Alittana_Wewa,5,1.079,0.999,0.08,0.08
2026-07-30,Alittana_Wewa,6,1.0958,1.003,0.0929,0.0929
2026-07-30,Alittana_Wewa,7,1.1097,1.0079,0.1018,0.1018
2026-07-30,Wannanmaduwa_Wewa,1,1.0,1.0,0.0,0.0
2026-07-30,Wannanmaduwa_Wewa,2,0.9736,0.9451,0.0284,0.0284
2026-07-30,Wannanmaduwa_Wewa,3,0.9606,0.9934,-0.0328,0.0328
2026-07-30,Wannanmaduwa_Wewa,4,0.9376,0.9894,-0.0517,0.0517
2026-07-30,Wannanmaduwa_Wewa,5,0.924,0.9846,-0.0606,0.0606
2026-07-30,Wannanmaduwa_Wewa,6,0.9113,0.9803,-0.069,0.069
2026-07-30,Wannanmaduwa_Wewa,7,0.8994,0.9788,-0.0794,0.0794
2026-07-30,Wellamaduwa_Wewa,1,1.0,1.0,0.0,0.0
2026-07-30,Wellamaduwa_Wewa,2,1.0076,0.9893,0.0183,0.0183
2026-07-30,Wellamaduwa_Wewa,3,1.0366,0.9852,0.0514,0.0514
2026-07-30,Wellamaduwa_Wewa,4,1.0893,0.9765,0.1128,0.1128
2026-07-30,Wellamaduwa_Wewa,5,1.1084,0.9698,0.1386,0.1386
2026-07-30,Wellamaduwa_Wewa,6,1.1708,0.9641,0.2067,0.2067
2026-07-30,Wellamaduwa_Wewa,7,1.1656,0.959,0.2066,0.2066
2026-07-30,Sembukulama_Wewa,1,1.0,1.0,0.0,0.0
2026-07-30,Sembukulama_Wewa,2,1.0099,0.8455,0.1644,0.1644
2026-07-30,Sembukulama_Wewa,3,1.0643,1.0072,0.0571,0.0571
2026-07-30,Sembukulama_Wewa,4,1.3106,1.0329,0.2777,0.2777
2026-07-30,Sembukulama_Wewa,5,1.5713,1.0787,0.4926,0.4926
2026-07-30,Sembukulama_Wewa,6,1.5797,1.1102,0.4695,0.4695
2026-07-30,Sembukulama_Wewa,7,1.6223,1.1416,0.4807,0.4807
2026-07-30,Hammillakulama_Wewa,1,1.0,1.0,0.0,0.0
2026-07-30,Hammillakulama_Wewa,2,1.0123,1.0858,-0.0736,0.0736
2026-07-30,Hammillakulama_Wewa,3,1.001,0.9974,0.0036,0.0036
2026-07-30,Hammillakulama_Wewa,4,0.9908,0.9945,-0.0037,0.0037
2026-07-30,Hammillakulama_Wewa,5,0.9884,0.9932,-0.0049,0.0049
2026-07-30,Hammillakulama_Wewa,6,0.9761,0.992,-0.0159,0.0159
2026-07-30,Hammillakulama_Wewa,7,0.9943,0.9857,0.0086,0.0086
2026-07-30,Tirappane_Wewa,1,1.0,1.0,0.0,0.0
2026-07-30,Tirappane_Wewa,2,0.9871,0.9594,0.0277,0.0277
2026-07-30,Tirappane_Wewa,3,0.9664,0.9948,-0.0284,0.0284
2026-07-30,Tirappane_Wewa,4,0.9486,0.9918,-0.0432,0.0432
2026-07-30,Tirappane_Wewa,5,0.9259,0.9894,-0.0635,0.0635
2026-07-30,Tirappane_Wewa,6,0.9112,0.987,-0.0758,0.0758
2026-07-30,Tirappane_Wewa,7,0.9119,0.986,-0.0741,0.0741
2026-07-30,Todamaduwa_Wewa,1,1.0,1.0,0.0,0.0
2026-07-30,Todamaduwa_Wewa,2,0.9905,0.9563,0.0342,0.0342
2026-07-30,Todamaduwa_Wewa,3,0.9727,0.9935,-0.0208,0.0208
2026-07-30,Todamaduwa_Wewa,4,0.9558,0.993,-0.0372,0.0372
2026-07-30,Todamaduwa_Wewa,5,0.9429,0.998,-0.0551,0.0551
2026-07-30,Todamaduwa_Wewa,6,0.9353,1.001,-0.0657,0.0657
2026-07-30,Todamaduwa_Wewa,7,0.9083,1.001,-0.0926,0.0926
2026-07-30,Galkulama_Wewa,1,1.0,1.0,0.0,0.0
2026-07-30,Galkulama_Wewa,2,0.8914,0.8734,0.018,0.018
2026-07-30,Galkulama_Wewa,3,0.7611,0.9964,-0.2353,0.2353
2026-07-30,Galkulama_Wewa,4,0.6353,0.9931,-0.3578,0.3578
2026-07-30,Galkulama_Wewa,5,0.5664,0.9892,-0.4228,0.4228
2026-07-30,Galkulama_Wewa,6,0.5516,0.9851,-0.4334,0.4334
2026-07-30,Galkulama_Wewa,7,0.5329,0.9862,-0.4532,0.4532
2026-07-30,Nachchaduwa_Wewa,1,1.0,1.0,0.0,0.0
2026-07-30,Nachchaduwa_Wewa,2,0.9888,0.8854,0.1034,0.1034
2026-07-30,Nachchaduwa_Wewa,3,0.9785,0.9938,-0.0153,0.0153
2026-07-30,Nachchaduwa_Wewa,4,0.9673,0.9923,-0.0249,0.0249
2026-07-30,Nachchaduwa_Wewa,5,0.9562,0.9904,-0.0342,0.0342
2026-07-30,Nachchaduwa_Wewa,6,0.9458,0.9904,-0.0446,0.0446
2026-07-30,Nachchaduwa_Wewa,7,0.9352,0.9829,-0.0478,0.0478
2026-07-30,Irahandaketu_Wewa,1,1.0,1.0,0.0,0.0
2026-07-30,Irahandaketu_Wewa,2,0.947,0.793,0.1539,0.1539
2026-07-30,Irahandaketu_Wewa,3,0.8996,0.9935,-0.0939,0.0939
2026-07-30,Irahandaketu_Wewa,4,0.8552,0.9883,-0.1332,0.1332
2026-07-30,Irahandaketu_Wewa,5,0.8081,0.9825,-0.1744,0.1744
2026-07-30,Irahandaketu_Wewa,6,0.7599,0.9769,-0.217,0.217
2026-07-30,Irahandaketu_Wewa,7,0.7252,0.9765,-0.2513,0.2513
