tank_id,drought_probability,overflow_probability,normal_probability,t+1,t+2,t+3,t+4,t+5,t+6,t+7,primary_risk,classifier_risk,agreement,drought_duration_days,overflow_duration_days,confidence,days_gap
Tawalanhalmillewa_Wewa,0.691,0.076,0.233,1.32,1.16,1.24,0.0,0.59,1.25,1.44,drought,drought,True,7,0,0.29,10
Settikulama_Wewa,0.689,0.078,0.232,10.7,10.67,10.37,0.0,10.25,10.44,10.67,drought,drought,True,7,0,0.29,10
Pansala_Wewa,0.713,0.078,0.208,26.46,26.39,25.69,35.01,25.36,25.3,25.11,normal,drought,False,0,0,0.29,10
Kudaittikattiya_Wewa,0.708,0.083,0.209,1.25,1.07,1.12,0.0,0.38,1.01,1.2,drought,drought,True,7,0,0.29,10
Maha_Ittikattiya_Wewa,0.6,0.062,0.339,13.96,13.98,13.69,15.64,13.61,13.88,14.03,drought,drought,True,7,0,0.29,10
Ulankulama_Wewa,0.605,0.062,0.333,37.65,37.48,36.59,30.0,35.77,35.58,35.0,normal,drought,False,0,0,0.29,10
Amane_Wewa,0.648,0.07,0.283,46.66,46.41,45.5,48.94,44.37,43.97,43.23,overflow,drought,False,0,4,0.29,10
Ihala_Amanakkattuwa_Wewa,0.712,0.081,0.207,21.4,21.36,20.77,13.95,20.58,20.56,20.54,normal,drought,False,1,0,0.29,10
Ethiniwetuna_Wewa,0.699,0.073,0.228,8.31,8.27,8.07,0.19,7.83,8.18,8.43,drought,drought,True,7,0,0.29,10
Pahala_Amanakkattuwa_Wewa,0.706,0.068,0.226,13.82,13.8,13.42,1.65,13.22,13.41,13.59,drought,drought,True,7,0,0.29,10
Walagambahuwa_Wewa,0.68,0.067,0.253,26.36,26.33,25.68,21.77,25.39,25.4,25.2,normal,drought,False,0,0,0.29,10
Wendarakulama_Wewa,0.706,0.074,0.221,34.74,34.58,33.7,33.28,32.98,32.78,32.31,normal,drought,False,0,0,0.29,10
Marikkaragama_Wewa,0.629,0.06,0.311,48.3,48.05,47.11,42.77,45.85,45.48,44.68,normal,drought,False,0,0,0.29,10
Periyakulama_Wewa,0.402,0.078,0.52,42.96,42.75,41.82,46.37,40.72,40.5,39.75,normal,normal,True,0,0,0.29,10
Mawatha_Wewa,0.701,0.074,0.225,47.09,46.82,45.87,51.84,44.66,44.24,43.49,normal,drought,False,0,0,0.29,10
Meegassegama_Wewa,0.653,0.065,0.282,33.35,33.24,32.43,26.35,31.85,31.72,31.3,normal,drought,False,0,0,0.29,10
Mahakanumulla_Wewa,0.532,0.064,0.404,1.95,1.87,2.08,5.55,1.32,2.33,2.49,drought,drought,True,7,0,0.29,10
Manakkulama_Wewa,0.62,0.061,0.32,8.35,8.36,8.25,6.12,8.06,8.53,8.76,drought,drought,True,7,0,0.29,10
Kuda_Kanumulla_Wewa,0.693,0.009,0.298,60.01,59.94,59.63,53.11,58.78,58.54,57.87,normal,drought,False,0,0,0.29,10
Wagayakulama_Wewa,0.591,0.104,0.306,41.88,41.62,40.62,24.03,39.43,39.12,38.41,normal,drought,False,0,0,0.29,10
Wagayakulama,0.696,0.069,0.236,6.01,5.97,5.87,4.06,5.53,6.01,6.27,drought,drought,True,7,0,0.29,10
Alittana_Wewa,0.698,0.067,0.235,7.76,7.73,7.57,11.6,7.27,7.69,7.95,drought,drought,True,7,0,0.29,10
Wannanmaduwa_Wewa,0.516,0.064,0.42,32.94,32.86,32.11,41.97,31.56,31.54,31.11,normal,drought,False,0,0,0.29,10
Wellamaduwa_Wewa,0.59,0.104,0.307,30.28,30.21,29.47,27.69,28.96,28.92,28.59,normal,drought,False,0,0,0.29,10
Sembukulama_Wewa,0.004,0.9,0.096,43.02,42.79,41.8,36.25,40.51,40.34,39.57,normal,overflow,False,0,0,0.29,10
Hammillakulama_Wewa,0.004,0.903,0.092,87.17,86.33,85.94,81.56,83.92,82.95,81.31,overflow,overflow,True,0,7,0.29,10
Tirappane_Wewa,0.34,0.097,0.564,57.06,56.96,56.5,59.19,55.53,55.29,54.54,normal,normal,True,0,0,0.29,10
Todamaduwa_Wewa,0.364,0.345,0.291,25.65,25.66,25.15,31.63,24.81,25.06,24.87,normal,drought,False,0,0,0.29,10
Galwaduwawa_Wewa,0.683,0.061,0.256,1.49,1.33,1.46,0.0,0.54,1.43,1.58,drought,drought,True,7,0,0.29,10
Galkulama_Wewa,0.654,0.066,0.28,13.63,13.65,13.41,16.72,13.14,13.53,13.71,drought,drought,True,7,0,0.29,10
Nachchaduwa_Wewa,0.01,0.315,0.676,59.66,59.77,60.42,67.95,60.87,61.05,60.57,normal,normal,True,0,0,0.29,10
Irahandaketu_Wewa,0.709,0.075,0.215,4.65,4.58,4.48,2.69,4.06,4.54,4.8,drought,drought,True,7,0,0.29,10
