date,day_offset,status,feasible,p_drought,p_overflow,total_storage_m3,f1_shortage,f2_overflow,f3_equity,f4_water_loss,total_release,total_consumed,total_return_flow,closeness,satisfaction_pct_mean,direction_agreement_rate,mean_abs_ratio_diff,n_flagged_tanks
2025-03-01,0,complete,True,0.3273,0.2485,52818236.0,207293.74,4625.1,73.655,2412.41,3476603.1727228835,3474190.7603225056,2412.4124003773823,0.6727,78.371662685265,0.719,0.1909,6
2025-03-02,1,complete,True,0.3836,0.2352,52925263.89,202112.26,4833.16,72.1365,755.42,3479017.959868007,3478253.2119820802,764.7478859266275,0.6879,79.00543545378409,0.688,0.1776,7
2025-03-03,2,complete,True,0.4118,0.2253,52972025.35,205364.85,4881.84,72.9274,143.91,3475146.888014983,3475002.9765161984,143.91149878427365,0.6758,78.58211389459062,0.688,0.1598,7
2025-03-04,3,complete,True,0.3966,0.2292,53028116.82,201848.11,4803.27,71.9221,202.36,3476294.503484736,3476070.638685038,223.8647996982823,0.674,78.73434086628113,0.719,0.1353,7
2025-03-05,4,complete,True,0.4077,0.2265,53035467.78,194551.78,4714.17,71.9824,0.0,3353931.9172410043,3353931.9172410043,0.0,0.6886,78.90002470670314,0.688,0.1242,7
2025-03-06,5,complete,True,0.4386,0.212,52893583.64,183558.55,4676.22,71.862,19.68,3233529.329975543,3233508.6389096426,20.69106590039928,0.7252,79.17942994769545,0.688,0.1146,7
2025-03-07,6,complete,True,0.4362,0.2102,52906629.0,174164.72,4380.89,71.8114,3358.64,3114986.598594211,3111627.9595617806,3358.6390324302583,0.7061,79.57833123907652,0.719,0.1072,6
2025-03-08,7,complete,True,0.4203,0.2148,52846861.35,516162.97,6418.71,57.6457,9455.79,2642989.732175408,2633533.9438825934,9455.788292814983,0.6203,22.48066541007527,0.438,0.1298,7
2025-03-09,8,complete,True,0.4341,0.2104,52842045.23,631095.42,8179.49,7.8388,1686.69,2388967.133600705,2387280.443978328,1686.6896223772237,0.7526,4.960010081864863,0.344,0.144,8
2025-03-10,9,complete,True,0.4392,0.2161,52785794.29,561350.95,6952.2,31.1903,10418.16,2333099.9010233176,2323664.1337137395,9435.767309578108,0.7418,10.33915290100793,0.5,0.1413,8
2025-03-11,10,complete,True,0.4563,0.2056,52568822.57,544716.36,6711.07,32.689,10249.13,2221442.358887186,2211193.2298031407,10249.129084045439,0.6846,10.88495117639616,0.531,0.3422,6
2025-03-12,11,complete,True,0.4356,0.2274,52712464.98,177412.88,5002.97,79.3927,19127.01,2599532.1098462706,2580367.8558071284,19164.25403914217,0.6437,71.91323333038389,0.688,0.2385,3
2025-03-13,12,complete,True,0.42,0.226,53371268.44,93879.93,5801.48,47.233,14217.3,2679450.705271627,2665140.9125193544,14309.79275227241,0.7847,85.12023990437878,0.562,0.1192,5
2025-03-14,13,complete,True,0.4156,0.2231,53240256.56,464977.73,7027.11,65.0875,7615.16,2298763.7087834612,2291148.5508428873,7615.157940574132,0.7186,24.751759397782315,0.438,0.1384,6
2025-03-15,14,complete,True,0.4419,0.2021,53066734.85,326110.47,5826.08,90.0438,14818.33,2336783.5252935747,2321965.198092036,14818.327201538359,0.6779,45.287195191850344,0.562,0.094,4
