day,tank_id,release_m3
1,Tawalanhalmillewa_Wewa,1295.11
1,Settikulama_Wewa,0.0
1,Pansala_Wewa,1518.15
1,Kudaittikattiya_Wewa,0.0
1,Maha_Ittikattiya_Wewa,2328.75
1,Ulankulama_Wewa,1549.94
1,Amane_Wewa,2355.12
1,Ihala_Amanakkattuwa_Wewa,0.0
1,Ethiniwetuna_Wewa,1552.66
1,Pahala_Amanakkattuwa_Wewa,1811.13
1,Walagambahuwa_Wewa,0.0
1,Wendarakulama_Wewa,1164.88
1,Marikkaragama_Wewa,1966.48
1,Periyakulama_Wewa,1035.31
1,Mawatha_Wewa,593.11
1,Meegassegama_Wewa,982.83
1,Mahakanumulla_Wewa,0.0
1,Manakkulama_Wewa,0.0
1,Kuda_Kanumulla_Wewa,1552.46
1,Wagayakulama_Wewa,931.49
1,Wagayakulama,0.0
1,Alittana_Wewa,2794.49
1,Wannanmaduwa_Wewa,0.0
1,Wellamaduwa_Wewa,213.51
1,Sembukulama_Wewa,2114.14
1,Hammillakulama_Wewa,1500.69
1,Tirappane_Wewa,2139.43
1,Todamaduwa_Wewa,0.0
1,Galwaduwawa_Wewa,0.0
1,Galkulama_Wewa,3234.3
1,Nachchaduwa_Wewa,181126.49
1,Irahandaketu_Wewa,724.49
