pond_name,date,water_ha,total_ha,fill_pct,valid_pixel_count,expected_pixel_count,valid_fraction
Periyakulama Wewa,2021-01-25,30.02696317875582,91.6467133112465,32.76381890180784,9285,9164.67133112465,1.0131296218410688
Nachchaduwa Wewa,2021-01-25,1401.141271854413,1649.7742760602357,84.92927136677304,167076,164977.42760602356,1.012720360745277
Mahakanumulla Wewa,2021-01-25,32.24802036401786,67.32368583822004,47.89996263946451,6817,6732.368583822004,1.0125708233475759
Alittana Wewa,2021-01-25,24.306596949409037,50.55054522911701,48.08374833395167,5117,5055.0545229117015,1.0122541659654776
Wannanmaduwa Wewa,2021-01-25,31.219816032813576,90.17898086294247,34.619836833444225,9128,9017.898086294246,1.0122092656905373
Tirappane Wewa,2021-01-25,3.235874252810011,52.50410799926025,6.163087758496159,5318,5250.410799926025,1.0128731260561417
Todamaduwa Wewa,2021-01-25,16.12542602030137,58.83226056448622,27.409155904567427,5951,5883.226056448622,1.011519860515489
Periyakulama Wewa,2021-02-09,38.15739296173993,91.6467133112465,41.63530974880844,9285,9164.67133112465,1.0131296218410688
Nachchaduwa Wewa,2021-02-09,1318.6797300454562,1649.7742760602357,79.93091837960681,167076,164977.42760602356,1.012720360745277
Mahakanumulla Wewa,2021-02-09,26.62650502031812,67.32368583822004,39.54998109328426,6817,6732.368583822004,1.0125708233475759
Alittana Wewa,2021-02-09,25.78553180773866,50.55054522911701,51.00940393593667,5117,5055.0545229117015,1.0122541659654776
Wannanmaduwa Wewa,2021-02-09,25.711520548661177,90.17898086294247,28.51165571247534,9128,9017.898086294246,1.0122092656905373
Tirappane Wewa,2021-02-09,1.9569248954772949,52.50410799926025,3.727184348136848,5318,5250.410799926025,1.0128731260561417
Todamaduwa Wewa,2021-02-09,18.933076444043927,58.83226056448622,32.18145327475786,5951,5883.226056448622,1.011519860515489
Periyakulama Wewa,2021-03-01,38.435870893859864,91.6467133112465,41.93916999873816,9285,9164.67133112465,1.0131296218410688
Nachchaduwa Wewa,2021-03-01,1101.7108965865043,1649.7742760602357,66.77949296296818,167076,164977.42760602356,1.012720360745277
Mahakanumulla Wewa,2021-03-01,27.607417017193963,67.32368583822004,41.00698984832033,6817,6732.368583822004,1.0125708233475759
Alittana Wewa,2021-03-01,18.991973497006285,50.55054522911701,37.57026439759733,5117,5055.0545229117015,1.0122541659654776
Wannanmaduwa Wewa,2021-03-01,9.70635735321045,90.17898086294247,10.763436512952557,9128,9017.898086294246,1.0122092656905373
Tirappane Wewa,2021-03-01,3.6188297927856445,52.50410799926025,6.892469809860652,5318,5250.410799926025,1.0128731260561417
Todamaduwa Wewa,2021-03-01,15.004391387427834,58.83226056448622,25.503679857722744,5951,5883.226056448622,1.011519860515489
Periyakulama Wewa,2021-03-31,9.186084780120849,91.6467133112465,10.023365212152754,9285,9164.67133112465,1.0131296218410688
Nachchaduwa Wewa,2021-03-31,746.6110018814597,1649.7742760602357,45.25534266811418,146436,164977.42760602356,0.8876123365779369
Mahakanumulla Wewa,2021-03-31,3.255654645690918,67.32368583822004,4.835823536926233,6817,6732.368583822004,1.0125708233475759
Alittana Wewa,2021-03-31,16.09889189529419,50.55054522911701,31.847118210747333,5117,5055.0545229117015,1.0122541659654776
Wannanmaduwa Wewa,2021-03-31,2.9010795860290526,90.17898086294247,3.2170241427303625,9128,9017.898086294246,1.0122092656905373
Tirappane Wewa,2021-03-31,3.0702453441604916,52.50410799926025,5.847628806880691,5318,5250.410799926025,1.0128731260561417
Todamaduwa Wewa,2021-03-31,8.201182803344727,58.83226056448622,13.939941665772619,5951,5883.226056448622,1.011519860515489
Periyakulama Wewa,2021-04-05,2.0949026473999024,91.6467133112465,2.2858459094820858,9285,9164.67133112465,1.0131296218410688
Nachchaduwa Wewa,2021-04-05,558.2152080727432,1649.7742760602357,33.83585355723911,167076,164977.42760602356,1.012720360745277
Mahakanumulla Wewa,2021-04-05,3.0586254035949705,67.32368583822004,4.5431639184831605,6817,6732.368583822004,1.0125708233475759
Alittana Wewa,2021-04-05,2.5274389122009278,50.55054522911701,4.999825225910972,5117,5055.0545229117015,1.0122541659654776
Wannanmaduwa Wewa,2021-04-05,0.09834211654663086,90.17898086294247,0.10905214896594921,9128,9017.898086294246,1.0122092656905373
Tirappane Wewa,2021-04-05,0.06883623046875,52.50410799926025,0.13110637070478345,5318,5250.410799926025,1.0128731260561417
Todamaduwa Wewa,2021-04-05,0.8063512878417969,58.83226056448622,1.370593752653704,5951,5883.226056448622,1.011519860515489
Periyakulama Wewa,2021-06-19,17.111384341942284,91.6467133112465,18.67102891494795,9285,9164.67133112465,1.0131296218410688
Nachchaduwa Wewa,2021-06-19,989.2713634987773,1649.7742760602357,59.96404343636751,167039,164977.42760602356,1.0124960876399383
Mahakanumulla Wewa,2021-06-19,23.998344896111583,67.32368583822004,35.6462136576717,6817,6732.368583822004,1.0125708233475759
Alittana Wewa,2021-06-19,5.605600165557862,50.55054522911701,11.089099316636148,3049,5055.0545229117015,0.6031586773556267
Wannanmaduwa Wewa,2021-06-19,2.3259251220344095,90.17898086294247,2.579231989291874,9128,9017.898086294246,1.0122092656905373
Tirappane Wewa,2021-06-19,5.696909769837623,52.50410799926025,10.850407686038373,3171,5250.410799926025,0.6039527421444199
Todamaduwa Wewa,2021-06-19,5.249821238639681,58.83226056448622,8.923371613241574,5951,5883.226056448622,1.011519860515489
Periyakulama Wewa,2021-11-21,52.83101693477854,91.6467133112465,57.646384715790276,9285,9164.67133112465,1.0131296218410688
Nachchaduwa Wewa,2021-11-21,1295.2195347284355,1649.7742760602357,78.50889382403882,167076,164977.42760602356,1.012720360745277
Mahakanumulla Wewa,2021-11-21,53.61118993374992,67.32368583822004,79.63198875144553,6817,6732.368583822004,1.0125708233475759
Alittana Wewa,2021-11-21,7.401545490982954,50.55054522911701,14.6418707403371,5117,5055.0545229117015,1.0122541659654776
Wannanmaduwa Wewa,2021-11-21,14.574283582305908,90.17898086294247,16.161508416752316,9128,9017.898086294246,1.0122092656905373
Tirappane Wewa,2021-11-21,25.395958899742574,52.50410799926025,48.369470251928455,5318,5250.410799926025,1.0128731260561417
Todamaduwa Wewa,2021-11-21,27.426771695819934,58.83226056448622,46.61859230405972,5951,5883.226056448622,1.011519860515489
Periyakulama Wewa,2021-12-01,50.59910547853357,91.6467133112465,55.21104210981483,8833,9164.67133112465,0.963809795338951
Nachchaduwa Wewa,2021-12-01,1050.5897308213837,1649.7742760602357,63.680816586027625,132109,164977.42760602356,0.8007701533296093
Mahakanumulla Wewa,2021-12-01,43.0870683571879,67.32368583822004,63.99986545705008,6817,6732.368583822004,1.0125708233475759
Wannanmaduwa Wewa,2021-12-01,16.675796940837188,90.17898086294247,18.491888887258234,5069,9017.898086294246,0.5621043785917323
Tirappane Wewa,2021-12-01,21.863134585134468,52.50410799926025,41.640807582984756,5318,5250.410799926025,1.0128731260561417
Nachchaduwa Wewa,2022-01-20,1240.213481279719,1649.7742760602357,75.17473749447873,167076,164977.42760602356,1.012720360745277
Mahakanumulla Wewa,2022-01-20,35.0007276759129,67.32368583822004,51.98872765228606,6817,6732.368583822004,1.0125708233475759
Alittana Wewa,2022-01-20,6.597919649789848,50.55054522911701,13.052123611892238,5117,5055.0545229117015,1.0122541659654776
Wannanmaduwa Wewa,2022-01-20,3.9828325355529786,90.17898086294247,4.416586323598226,9128,9017.898086294246,1.0122092656905373
Tirappane Wewa,2022-01-20,18.253784449271404,52.50410799926025,34.76639284973395,5318,5250.410799926025,1.0128731260561417
Periyakulama Wewa,2022-02-04,38.926568997715975,91.6467133112465,42.4745935683643,9285,9164.67133112465,1.0131296218410688
Nachchaduwa Wewa,2022-02-04,1202.7628959342326,1649.7742760602357,72.90469450199609,167076,164977.42760602356,1.012720360745277
Mahakanumulla Wewa,2022-02-04,29.80925054321289,67.32368583822004,44.277508238103636,6817,6732.368583822004,1.0125708233475759
Alittana Wewa,2022-02-04,11.486588785552978,50.55054522911701,22.7229770391017,5117,5055.0545229117015,1.0122541659654776
Wannanmaduwa Wewa,2022-02-04,3.982831240081787,90.17898086294247,4.416584887042635,9128,9017.898086294246,1.0122092656905373
Tirappane Wewa,2022-02-04,17.238869963223323,52.50410799926025,32.83337365424094,5318,5250.410799926025,1.0128731260561417
Todamaduwa Wewa,2022-02-04,9.520073788730397,58.83226056448622,16.18172359414171,5951,5883.226056448622,1.011519860515489
Periyakulama Wewa,2022-03-21,36.39707084513644,91.6467133112465,39.714540249279125,9285,9164.67133112465,1.0131296218410688
Nachchaduwa Wewa,2022-03-21,1203.7865689567257,1649.7742760602357,72.96674377972745,167076,164977.42760602356,1.012720360745277
Mahakanumulla Wewa,2022-03-21,34.65255894987224,67.32368583822004,51.4715712879163,6817,6732.368583822004,1.0125708233475759
Alittana Wewa,2022-03-21,25.664015005573948,50.55054522911701,50.769017206943055,5117,5055.0545229117015,1.0122541659654776
Wannanmaduwa Wewa,2022-03-21,25.067331286857456,90.17898086294247,27.797310467453347,9128,9017.898086294246,1.0122092656905373
Tirappane Wewa,2022-03-21,34.085506006149586,52.50410799926025,64.9196935345132,5318,5250.410799926025,1.0128731260561417
Todamaduwa Wewa,2022-03-21,43.5843251052677,58.83226056448622,74.08235666466494,5951,5883.226056448622,1.011519860515489
Periyakulama Wewa,2022-03-31,29.808185960220637,91.6467133112465,32.52510088276423,9285,9164.67133112465,1.0131296218410688
Nachchaduwa Wewa,2022-03-31,1037.3258133966872,1649.7742760602357,62.87683281581321,167076,164977.42760602356,1.012720360745277
Mahakanumulla Wewa,2022-03-31,8.092934157592177,67.32368583822004,12.020931499561142,6817,6732.368583822004,1.0125708233475759
Alittana Wewa,2022-03-31,21.257021745596493,50.55054522911701,42.05102368184249,5117,5055.0545229117015,1.0122541659654776
Wannanmaduwa Wewa,2022-03-31,4.5532127983093265,90.17898086294247,5.049084337324101,9128,9017.898086294246,1.0122092656905373
Tirappane Wewa,2022-03-31,15.065641765687236,52.50410799926025,28.694215252451293,5318,5250.410799926025,1.0128731260561417
Todamaduwa Wewa,2022-03-31,1.8384095792224362,58.83226056448622,3.1248324670566583,5951,5883.226056448622,1.011519860515489
Periyakulama Wewa,2022-06-29,31.43335044955085,91.6467133112465,34.29839359628566,9285,9164.67133112465,1.0131296218410688
Nachchaduwa Wewa,2022-06-29,969.5755027905933,1649.7742760602357,58.77019158681516,167076,164977.42760602356,1.012720360745277
Mahakanumulla Wewa,2022-06-29,3.5026769246987737,67.32368583822004,5.202740879511211,6817,6732.368583822004,1.0125708233475759
Alittana Wewa,2022-06-29,1.239130216217041,50.55054522911701,2.4512697352734083,5117,5055.0545229117015,1.0122541659654776
Wannanmaduwa Wewa,2022-06-29,0.4945227151309743,90.17898086294247,0.5483791349145642,9128,9017.898086294246,1.0122092656905373
Tirappane Wewa,2022-06-29,8.862407594463873,52.50410799926025,16.879455593434212,5318,5250.410799926025,1.0128731260561417
Todamaduwa Wewa,2022-06-29,2.390209475148519,58.83226056448622,4.062753074953839,5951,5883.226056448622,1.011519860515489
Periyakulama Wewa,2022-09-27,24.226278074221145,91.6467133112465,26.434421048952334,9285,9164.67133112465,1.0131296218410688
Nachchaduwa Wewa,2022-09-27,962.5801004811037,1649.7742760602357,58.34616980329002,167076,164977.42760602356,1.012720360745277
Mahakanumulla Wewa,2022-09-27,26.308023931884765,67.32368583822004,39.07692159799954,6817,6732.368583822004,1.0125708233475759
Alittana Wewa,2022-09-27,0.45238007736206054,50.55054522911701,0.8949064254632223,5117,5055.0545229117015,1.0122541659654776
Wannanmaduwa Wewa,2022-09-27,1.0620879013061524,90.17898086294247,1.177755493733462,9128,9017.898086294246,1.0122092656905373
Tirappane Wewa,2022-09-27,9.01325846993839,52.50410799926025,17.166768112821536,5318,5250.410799926025,1.0128731260561417
Todamaduwa Wewa,2022-09-27,5.133119443511963,58.83226056448622,8.725008004554805,5951,5883.226056448622,1.011519860515489
Periyakulama Wewa,2022-10-27,31.327204631132236,91.6467133112465,34.1825729469863,9285,9164.67133112465,1.0131296218410688
Nachchaduwa Wewa,2022-10-27,1011.4372850549678,1649.7742760602357,61.3076164255842,167076,164977.42760602356,1.012720360745277
Mahakanumulla Wewa,2022-10-27,27.48819722290039,67.32368583822004,40.82990537528648,6817,6732.368583822004,1.0125708233475759
Alittana Wewa,2022-10-27,0.7572454277038574,50.55054522911701,1.4979965582402572,5117,5055.0545229117015,1.0122541659654776
Wannanmaduwa Wewa,2022-10-27,0.3540299346923828,90.17898086294247,0.39258586790912103,9128,9017.898086294246,1.0122092656905373
Tirappane Wewa,2022-10-27,9.440386058044433,52.50410799926025,17.980280815698162,5318,5250.410799926025,1.0128731260561417
Todamaduwa Wewa,2022-10-27,9.990901873016357,58.83226056448622,16.982012550861104,5951,5883.226056448622,1.011519860515489
Periyakulama Wewa,2023-05-25,26.173719277858357,91.6467133112465,28.559364904847524,9285,9164.67133112465,1.0131296218410688
Nachchaduwa Wewa,2023-05-25,863.2196947408909,1649.7742760602357,52.32350311597255,167076,164977.42760602356,1.012720360745277
Mahakanumulla Wewa,2023-05-25,22.560981874084472,67.32368583822004,33.51121019769906,6817,6732.368583822004,1.0125708233475759
Alittana Wewa,2023-05-25,2.2520688888549807,50.55054522911701,4.455083280798707,5117,5055.0545229117015,1.0122541659654776
Wannanmaduwa Wewa,2023-05-25,6.520069847106933,90.17898086294247,7.230143637369765,9128,9017.898086294246,1.0122092656905373
Tirappane Wewa,2023-05-25,13.663306621683157,52.50410799926025,26.02330968440729,5318,5250.410799926025,1.0128731260561417
Todamaduwa Wewa,2023-05-25,11.92816195755005,58.83226056448622,20.274865937669613,5951,5883.226056448622,1.011519860515489
Periyakulama Wewa,2023-07-29,29.731624809265135,91.6467133112465,32.44156144289857,9285,9164.67133112465,1.0131296218410688
Nachchaduwa Wewa,2023-07-29,694.1519594494539,1649.7742760602357,42.07557176289185,167076,164977.42760602356,1.012720360745277
Mahakanumulla Wewa,2023-07-29,17.653376912689208,67.32368583822004,26.22164353138741,6817,6732.368583822004,1.0125708233475759
Alittana Wewa,2023-07-29,0.06884031677246094,50.55054522911701,0.13618115583214138,5117,5055.0545229117015,1.0122541659654776
Wannanmaduwa Wewa,2023-07-29,1.807018234202067,90.17898086294247,2.003813102466132,9128,9017.898086294246,1.0122092656905373
Tirappane Wewa,2023-07-29,3.73682043838501,52.50410799926025,7.117196312405992,5318,5250.410799926025,1.0128731260561417
Todamaduwa Wewa,2023-07-29,0.15733783416748046,58.83226056448622,0.26743462287161646,5951,5883.226056448622,1.011519860515489
Periyakulama Wewa,2024-01-25,37.47557211117016,91.6467133112465,40.89134324315296,9285,9164.67133112465,1.0131296218410688
Nachchaduwa Wewa,2024-01-25,1242.3716660981522,1649.7742760602357,75.30555447045845,167076,164977.42760602356,1.012720360745277
Mahakanumulla Wewa,2024-01-25,41.1077083207194,67.32368583822004,61.05980058712459,6817,6732.368583822004,1.0125708233475759
Alittana Wewa,2024-01-25,22.84533320388794,50.55054522911701,45.19305004593516,5117,5055.0545229117015,1.0122541659654776
Wannanmaduwa Wewa,2024-01-25,12.656582924652099,90.17898086294247,14.034958926723808,9128,9017.898086294246,1.0122092656905373
Tirappane Wewa,2024-01-25,16.147687109330118,52.50410799926025,30.755092743519473,5318,5250.410799926025,1.0128731260561417
Todamaduwa Wewa,2024-01-25,19.933348474964816,58.83226056448622,33.881663365825986,5951,5883.226056448622,1.011519860515489
Periyakulama Wewa,2024-03-10,39.583217281658705,91.6467133112465,43.19109311342998,9285,9164.67133112465,1.0131296218410688
Nachchaduwa Wewa,2024-03-10,1233.5391009948191,1649.7742760602357,74.77017425320679,167076,164977.42760602356,1.012720360745277
Mahakanumulla Wewa,2024-03-10,30.64517421875,67.32368583822004,45.51915694632476,6817,6732.368583822004,1.0125708233475759
Alittana Wewa,2024-03-10,26.385691430664064,50.55054522911701,52.19665052290269,5117,5055.0545229117015,1.0122541659654776
Wannanmaduwa Wewa,2024-03-10,11.682993821716309,90.17898086294247,12.955340268784562,9128,9017.898086294246,1.0122092656905373
Tirappane Wewa,2024-03-10,14.070124988041295,52.50410799926025,26.79814118209481,5318,5250.410799926025,1.0128731260561417
Todamaduwa Wewa,2024-03-10,20.42762095633114,58.83226056448622,34.72180188272787,5951,5883.226056448622,1.011519860515489
Periyakulama Wewa,2024-03-15,41.43648349674599,91.6467133112465,45.213278250384434,9285,9164.67133112465,1.0131296218410688
Nachchaduwa Wewa,2024-03-15,1213.52716816531,1649.7742760602357,73.55716389658402,167076,164977.42760602356,1.012720360745277
Mahakanumulla Wewa,2024-03-15,35.46653832892923,67.32368583822004,52.68062478658094,5346,6732.368583822004,0.7940741706932875
Alittana Wewa,2024-03-15,26.698962758980546,50.55054522911701,52.816369512869265,5117,5055.0545229117015,1.0122541659654776
Wannanmaduwa Wewa,2024-03-15,13.158121267700196,90.17898086294247,14.591117732521752,9128,9017.898086294246,1.0122092656905373
Tirappane Wewa,2024-03-15,24.110546680450433,52.50410799926025,45.92125759148244,5318,5250.410799926025,1.0128731260561417
Todamaduwa Wewa,2024-03-15,28.40395870520199,58.83226056448622,48.279563682698075,5907,5883.226056448622,1.004040970604099
Periyakulama Wewa,2024-03-20,33.48735707347795,91.6467133112465,36.539615948637106,9285,9164.67133112465,1.0131296218410688
Nachchaduwa Wewa,2024-03-20,745.0549222929621,1649.7742760602357,45.161021910961054,167076,164977.42760602356,1.012720360745277
Mahakanumulla Wewa,2024-03-20,24.42956182861328,67.32368583822004,36.28672661701549,6817,6732.368583822004,1.0125708233475759
Alittana Wewa,2024-03-20,20.758119726203468,50.55054522911701,41.06408671186168,5117,5055.0545229117015,1.0122541659654776
Wannanmaduwa Wewa,2024-03-20,10.797920148468018,90.17898086294247,11.9738768892045,9128,9017.898086294246,1.0122092656905373
Tirappane Wewa,2024-03-20,8.22941103493784,52.50410799926025,15.673842197364419,5318,5250.410799926025,1.0128731260561417
Todamaduwa Wewa,2024-03-20,13.416300643831143,58.83226056448622,22.80432625757342,5951,5883.226056448622,1.011519860515489
Periyakulama Wewa,2024-10-01,28.96448565597534,91.6467133112465,31.604500160968612,9285,9164.67133112465,1.0131296218410688
Nachchaduwa Wewa,2024-10-01,1109.0152243397133,1649.7742760602357,67.22224006232605,163300,164977.42760602356,0.9898323811301667
Mahakanumulla Wewa,2024-10-01,18.548349224853517,67.32368583822004,27.55100080144975,6817,6732.368583822004,1.0125708233475759
Alittana Wewa,2024-10-01,7.4721340015456255,50.55054522911701,14.781510204645015,5117,5055.0545229117015,1.0122541659654776
Wannanmaduwa Wewa,2024-10-01,8.742590273284913,90.17898086294247,9.694709553850739,9128,9017.898086294246,1.0122092656905373
Tirappane Wewa,2024-10-01,1.9864268196105956,52.50410799926025,3.7833740926302055,4819,5250.410799926025,0.9178329436751685
Todamaduwa Wewa,2024-10-01,2.694402649688721,58.83226056448622,4.579804725904384,5951,5883.226056448622,1.011519860515489
Periyakulama Wewa,2025-03-05,34.09128501922608,91.6467133112465,37.198589875718476,9285,9164.67133112465,1.0131296218410688
Nachchaduwa Wewa,2025-03-05,1223.6985363885942,1649.7742760602357,74.17369479847042,164305,164977.42760602356,0.9959241235859893
Mahakanumulla Wewa,2025-03-05,35.395385612314264,67.32368583822004,52.57493729230745,6817,6732.368583822004,1.0125708233475759
Alittana Wewa,2025-03-05,15.0933644667143,50.55054522911701,29.857965721842604,5117,5055.0545229117015,1.0122541659654776
Wannanmaduwa Wewa,2025-03-05,48.62888631982243,90.17898086294247,53.92485682858903,9128,9017.898086294246,1.0122092656905373
Tirappane Wewa,2025-03-05,24.277060807686595,52.50410799926025,46.23840254181377,5318,5250.410799926025,1.0128731260561417
Todamaduwa Wewa,2025-03-05,26.9260895111832,58.83226056448622,45.76755890872055,4777,5883.226056448622,0.8119694796979483
Periyakulama Wewa,2025-07-10,24.456641279736683,91.6467133112465,26.685781078343883,9285,9164.67133112465,1.0131296218410688
Nachchaduwa Wewa,2025-07-10,1085.4346460829702,1649.7742760602357,65.7929185727793,167076,164977.42760602356,1.012720360745277
Mahakanumulla Wewa,2025-07-10,22.94508017788756,67.32368583822004,34.08173496772737,6817,6732.368583822004,1.0125708233475759
Alittana Wewa,2025-07-10,0.5408917137145997,50.55054522911701,1.070001740363123,5117,5055.0545229117015,1.0122541659654776
Wannanmaduwa Wewa,2025-07-10,12.91232887802124,90.17898086294247,14.318557112156657,9128,9017.898086294246,1.0122092656905373
Tirappane Wewa,2025-07-10,1.0128826049804687,52.50410799926025,1.9291492486544852,5318,5250.410799926025,1.0128731260561417
Todamaduwa Wewa,2025-07-10,1.9667248481750488,58.83226056448622,3.342936051249154,5951,5883.226056448622,1.011519860515489
Periyakulama Wewa,2025-07-28,23.36829479217529,91.6467133112465,25.498235504434213,9285,9164.67133112465,1.0131296218410688
Nachchaduwa Wewa,2025-07-28,1104.1470762763977,1649.7742760602357,66.92716041816156,167076,164977.42760602356,1.012720360745277
Mahakanumulla Wewa,2025-07-28,8.811920331573486,67.32368583822004,13.088885764140542,6817,6732.368583822004,1.0125708233475759
Alittana Wewa,2025-07-28,2.252074861907959,50.55054522911701,4.455095096799804,5117,5055.0545229117015,1.0122541659654776
Wannanmaduwa Wewa,2025-07-28,26.503164957427977,90.17898086294247,29.38951483351594,9128,9017.898086294246,1.0122092656905373
Tirappane Wewa,2025-07-28,14.70150285949707,52.50410799926025,28.00067160402802,5318,5250.410799926025,1.0128731260561417
Todamaduwa Wewa,2025-07-28,14.032509564208985,58.83226056448622,23.85172595710122,5951,5883.226056448622,1.011519860515489
Periyakulama Wewa,2025-07-30,7.779587759399414,91.6467133112465,8.488670764415438,9285,9164.67133112465,1.0131296218410688
Nachchaduwa Wewa,2025-07-30,1068.2566926193238,1649.7742760602357,64.75168804125056,167076,164977.42760602356,1.012720360745277
Mahakanumulla Wewa,2025-07-30,6.8154666717529295,67.32368583822004,10.123430686980821,6817,6732.368583822004,1.0125708233475759
Alittana Wewa,2025-07-30,0.668738483428955,50.55054522911701,1.3229105252929358,5117,5055.0545229117015,1.0122541659654776
Wannanmaduwa Wewa,2025-07-30,14.54477384109497,90.17898086294247,16.128784891903674,9128,9017.898086294246,1.0122092656905373
Tirappane Wewa,2025-07-30,1.9667592994689942,52.50410799926025,3.7459150805813226,5318,5250.410799926025,1.0128731260561417
Todamaduwa Wewa,2025-07-30,1.4848735076904296,58.83226056448622,2.523910340080941,5951,5883.226056448622,1.011519860515489
Periyakulama Wewa,2025-08-22,28.207205818939208,91.6467133112465,30.77819683848688,9285,9164.67133112465,1.0131296218410688
Nachchaduwa Wewa,2025-08-22,1002.3072844759563,1649.7742760602357,60.75420734947625,167076,164977.42760602356,1.012720360745277
Mahakanumulla Wewa,2025-08-22,0.44418598777322205,67.32368583822004,0.6597766926199028,6817,6732.368583822004,1.0125708233475759
Alittana Wewa,2025-08-22,4.336970532226562,50.55054522911701,8.579473302551989,5117,5055.0545229117015,1.0122541659654776
Wannanmaduwa Wewa,2025-08-22,25.74592932510376,90.17898086294247,28.54981180618289,9128,9017.898086294246,1.0122092656905373
Tirappane Wewa,2025-08-22,20.481087631117877,52.50410799926025,39.00854316276822,5318,5250.410799926025,1.0128731260561417
Todamaduwa Wewa,2025-08-22,13.540828650665283,58.83226056448622,23.015992451663724,5951,5883.226056448622,1.011519860515489
Periyakulama Wewa,2025-10-31,39.052699050218166,91.6467133112465,42.61221994681809,9285,9164.67133112465,1.0131296218410688
Nachchaduwa Wewa,2025-10-31,1275.9388158996942,1649.7742760602357,77.34020553082668,167076,164977.42760602356,1.012720360745277
Mahakanumulla Wewa,2025-10-31,21.08572045440674,67.32368583822004,31.319913923126673,6817,6732.368583822004,1.0125708233475759
Alittana Wewa,2025-10-31,7.523330828857421,50.55054522911701,14.882788691513454,5117,5055.0545229117015,1.0122541659654776
Wannanmaduwa Wewa,2025-10-31,55.002912312316894,90.17898086294247,60.99305158029282,9128,9017.898086294246,1.0122092656905373
Tirappane Wewa,2025-10-31,33.82392683099185,52.50410799926025,64.42148647010328,5318,5250.410799926025,1.0128731260561417
Todamaduwa Wewa,2025-10-31,32.63413079506369,58.83226056448622,55.46978899322307,5951,5883.226056448622,1.011519860515489
