pond_name,pond_type,date,year,month,water_ha,total_ha,fill_pct,sensor,orbit,cloud_pct
Periyakulama Wewa,Tank,2021-01-25,2021,1,0.0,91.6467133112465,0.0,S2_MNDWI,N/A,11.694561
Nachchaduwa Wewa,Tank,2021-01-25,2021,1,0.0,1649.7742760602357,0.0,S2_MNDWI,N/A,11.694561
Mahakanumulla Wewa,Tank,2021-01-25,2021,1,0.0,67.32368583822004,0.0,S2_MNDWI,N/A,11.694561
Alittana Wewa,Tank,2021-01-25,2021,1,0.0,50.55054522911701,0.0,S2_MNDWI,N/A,11.694561
Wannanmaduwa Wewa,Tank,2021-01-25,2021,1,0.0,90.17898086294247,0.0,S2_MNDWI,N/A,11.694561
Tirappane Wewa,Tank,2021-01-25,2021,1,0.0,52.50410799926025,0.0,S2_MNDWI,N/A,11.694561
Todamaduwa Wewa,Tank,2021-01-25,2021,1,0.0,58.83226056448622,0.0,S2_MNDWI,N/A,11.694561
Periyakulama Wewa,Tank,2021-01-25,2021,1,29.76441074864107,91.6467133112465,32.47733570930853,S2_MNDWI,N/A,2.868166
Nachchaduwa Wewa,Tank,2021-01-25,2021,1,1401.3647569754594,1649.7742760602357,84.94281777274442,S2_MNDWI,N/A,2.868166
Mahakanumulla Wewa,Tank,2021-01-25,2021,1,32.56101623610852,67.32368583822004,48.3648746064694,S2_MNDWI,N/A,2.868166
Alittana Wewa,Tank,2021-01-25,2021,1,24.23156223834767,50.55054522911701,47.93531331565211,S2_MNDWI,N/A,2.868166
Wannanmaduwa Wewa,Tank,2021-01-25,2021,1,31.353691483845434,90.17898086294247,34.76829210511704,S2_MNDWI,N/A,2.868166
Tirappane Wewa,Tank,2021-01-25,2021,1,3.276473084716797,52.50410799926025,6.240412816389453,S2_MNDWI,N/A,2.868166
Todamaduwa Wewa,Tank,2021-01-25,2021,1,16.352026438140868,58.83226056448622,27.79431944522574,S2_MNDWI,N/A,2.868166
Periyakulama Wewa,Tank,2021-02-09,2021,2,38.03083741555008,91.6467133112465,41.49721909436232,S2_MNDWI,N/A,13.790432
Nachchaduwa Wewa,Tank,2021-02-09,2021,2,1318.409351633952,1649.7742760602357,79.91452956718395,S2_MNDWI,N/A,13.790432
Mahakanumulla Wewa,Tank,2021-02-09,2021,2,26.818862977040613,67.32368583822004,39.8357021650401,S2_MNDWI,N/A,13.790432
Alittana Wewa,Tank,2021-02-09,2021,2,25.67877790298462,50.55054522911701,50.7982214367763,S2_MNDWI,N/A,13.790432
Wannanmaduwa Wewa,Tank,2021-02-09,2021,2,25.828951921494426,90.17898086294247,28.641876049531177,S2_MNDWI,N/A,13.790432
Tirappane Wewa,Tank,2021-02-09,2021,2,1.971440643310547,52.50410799926025,3.7548312283265974,S2_MNDWI,N/A,13.790432
Todamaduwa Wewa,Tank,2021-02-09,2021,2,19.222962231965905,58.83226056448622,32.674185978108994,S2_MNDWI,N/A,13.790432
Periyakulama Wewa,Tank,2021-02-24,2021,2,0.0,91.6467133112465,0.0,S2_MNDWI,N/A,18.657739
Nachchaduwa Wewa,Tank,2021-02-24,2021,2,0.0,1649.7742760602357,0.0,S2_MNDWI,N/A,18.657739
Mahakanumulla Wewa,Tank,2021-02-24,2021,2,0.0,67.32368583822004,0.0,S2_MNDWI,N/A,18.657739
Alittana Wewa,Tank,2021-02-24,2021,2,0.0,50.55054522911701,0.0,S2_MNDWI,N/A,18.657739
Wannanmaduwa Wewa,Tank,2021-02-24,2021,2,0.0,90.17898086294247,0.0,S2_MNDWI,N/A,18.657739
Tirappane Wewa,Tank,2021-02-24,2021,2,0.0,52.50410799926025,0.0,S2_MNDWI,N/A,18.657739
Todamaduwa Wewa,Tank,2021-02-24,2021,2,0.0,58.83226056448622,0.0,S2_MNDWI,N/A,18.657739
Periyakulama Wewa,Tank,2021-03-01,2021,3,0.0,91.6467133112465,0.0,S2_MNDWI,N/A,3.29307
Nachchaduwa Wewa,Tank,2021-03-01,2021,3,0.0,1649.7742760602357,0.0,S2_MNDWI,N/A,3.29307
Mahakanumulla Wewa,Tank,2021-03-01,2021,3,0.0,67.32368583822004,0.0,S2_MNDWI,N/A,3.29307
Alittana Wewa,Tank,2021-03-01,2021,3,0.0,50.55054522911701,0.0,S2_MNDWI,N/A,3.29307
Wannanmaduwa Wewa,Tank,2021-03-01,2021,3,0.0,90.17898086294247,0.0,S2_MNDWI,N/A,3.29307
Tirappane Wewa,Tank,2021-03-01,2021,3,0.0,52.50410799926025,0.0,S2_MNDWI,N/A,3.29307
Todamaduwa Wewa,Tank,2021-03-01,2021,3,0.0,58.83226056448622,0.0,S2_MNDWI,N/A,3.29307
Periyakulama Wewa,Tank,2021-03-01,2021,3,38.478466089630125,91.6467133112465,41.98564760195084,S2_MNDWI,N/A,13.758867
Nachchaduwa Wewa,Tank,2021-03-01,2021,3,1101.660503106525,1649.7742760602357,66.77643839479418,S2_MNDWI,N/A,13.758867
Mahakanumulla Wewa,Tank,2021-03-01,2021,3,27.92707607471242,67.32368583822004,41.4817990533401,S2_MNDWI,N/A,13.758867
Alittana Wewa,Tank,2021-03-01,2021,3,18.813757555389405,50.55054522911701,37.21771440865235,S2_MNDWI,N/A,13.758867
Wannanmaduwa Wewa,Tank,2021-03-01,2021,3,9.85726132888794,90.17898086294247,10.930774815330183,S2_MNDWI,N/A,13.758867
Tirappane Wewa,Tank,2021-03-01,2021,3,3.612640315246582,52.50410799926025,6.880681251260342,S2_MNDWI,N/A,13.758867
Todamaduwa Wewa,Tank,2021-03-01,2021,3,15.15114393310547,58.83226056448622,25.753122160754394,S2_MNDWI,N/A,13.758867
Periyakulama Wewa,Tank,2021-03-16,2021,3,0.0,91.6467133112465,0.0,S2_MNDWI,N/A,18.926114
Nachchaduwa Wewa,Tank,2021-03-16,2021,3,0.0,1649.7742760602357,0.0,S2_MNDWI,N/A,18.926114
Mahakanumulla Wewa,Tank,2021-03-16,2021,3,0.0,67.32368583822004,0.0,S2_MNDWI,N/A,18.926114
Alittana Wewa,Tank,2021-03-16,2021,3,0.0,50.55054522911701,0.0,S2_MNDWI,N/A,18.926114
Wannanmaduwa Wewa,Tank,2021-03-16,2021,3,0.0,90.17898086294247,0.0,S2_MNDWI,N/A,18.926114
Tirappane Wewa,Tank,2021-03-16,2021,3,0.0,52.50410799926025,0.0,S2_MNDWI,N/A,18.926114
Todamaduwa Wewa,Tank,2021-03-16,2021,3,0.0,58.83226056448622,0.0,S2_MNDWI,N/A,18.926114
Periyakulama Wewa,Tank,2021-03-31,2021,3,0.0,91.6467133112465,0.0,S2_MNDWI,N/A,10.463808
Nachchaduwa Wewa,Tank,2021-03-31,2021,3,0.0,1649.7742760602357,0.0,S2_MNDWI,N/A,10.463808
Mahakanumulla Wewa,Tank,2021-03-31,2021,3,0.0,67.32368583822004,0.0,S2_MNDWI,N/A,10.463808
Alittana Wewa,Tank,2021-03-31,2021,3,0.0,50.55054522911701,0.0,S2_MNDWI,N/A,10.463808
Wannanmaduwa Wewa,Tank,2021-03-31,2021,3,0.0,90.17898086294247,0.0,S2_MNDWI,N/A,10.463808
Tirappane Wewa,Tank,2021-03-31,2021,3,0.0,52.50410799926025,0.0,S2_MNDWI,N/A,10.463808
Todamaduwa Wewa,Tank,2021-03-31,2021,3,0.0,58.83226056448622,0.0,S2_MNDWI,N/A,10.463808
Periyakulama Wewa,Tank,2021-03-31,2021,3,9.286869879150391,91.6467133112465,10.13333653069558,S2_MNDWI,N/A,12.406394
Nachchaduwa Wewa,Tank,2021-03-31,2021,3,747.04883308536,1649.7742760602357,45.28188152317173,S2_MNDWI,N/A,12.406394
Mahakanumulla Wewa,Tank,2021-03-31,2021,3,3.2851615838503365,67.32368583822004,4.8796520020377905,S2_MNDWI,N/A,12.406394
Alittana Wewa,Tank,2021-03-31,2021,3,15.95166452331543,50.55054522911701,31.55587036898526,S2_MNDWI,N/A,12.406394
Wannanmaduwa Wewa,Tank,2021-03-31,2021,3,2.952173413848877,90.17898086294247,3.2736823876239023,S2_MNDWI,N/A,12.406394
Tirappane Wewa,Tank,2021-03-31,2021,3,2.8620122074411425,52.50410799926025,5.451025294023596,S2_MNDWI,N/A,12.406394
Todamaduwa Wewa,Tank,2021-03-31,2021,3,8.346137699890138,58.83226056448622,14.186328418813538,S2_MNDWI,N/A,12.406394
Periyakulama Wewa,Tank,2021-04-05,2021,4,0.0,91.6467133112465,0.0,S2_MNDWI,N/A,2.303909
Nachchaduwa Wewa,Tank,2021-04-05,2021,4,0.0,1649.7742760602357,0.0,S2_MNDWI,N/A,2.303909
Mahakanumulla Wewa,Tank,2021-04-05,2021,4,0.0,67.32368583822004,0.0,S2_MNDWI,N/A,2.303909
Alittana Wewa,Tank,2021-04-05,2021,4,0.0,50.55054522911701,0.0,S2_MNDWI,N/A,2.303909
Wannanmaduwa Wewa,Tank,2021-04-05,2021,4,0.0,90.17898086294247,0.0,S2_MNDWI,N/A,2.303909
Tirappane Wewa,Tank,2021-04-05,2021,4,0.0,52.50410799926025,0.0,S2_MNDWI,N/A,2.303909
Todamaduwa Wewa,Tank,2021-04-05,2021,4,0.0,58.83226056448622,0.0,S2_MNDWI,N/A,2.303909
Periyakulama Wewa,Tank,2021-04-05,2021,4,2.1315778091430664,91.6467133112465,2.325863887670359,S2_MNDWI,N/A,7.969236
Nachchaduwa Wewa,Tank,2021-04-05,2021,4,558.7962238475216,1649.7742760602357,33.87107145239056,S2_MNDWI,N/A,7.969236
Mahakanumulla Wewa,Tank,2021-04-05,2021,4,3.1122525550842286,67.32368583822004,4.622819615912035,S2_MNDWI,N/A,7.969236
Alittana Wewa,Tank,2021-04-05,2021,4,2.5518659118652343,50.55054522911701,5.048147157066398,S2_MNDWI,N/A,7.969236
Wannanmaduwa Wewa,Tank,2021-04-05,2021,4,0.10007365112304688,90.17898086294247,0.11097225779823651,S2_MNDWI,N/A,7.969236
Tirappane Wewa,Tank,2021-04-05,2021,4,0.0700511459350586,52.50410799926025,0.13342031434196647,S2_MNDWI,N/A,7.969236
Todamaduwa Wewa,Tank,2021-04-05,2021,4,0.8206035018920899,58.83226056448622,1.3948189208072737,S2_MNDWI,N/A,7.969236
Periyakulama Wewa,Tank,2021-06-19,2021,6,0.0,91.6467133112465,0.0,S2_MNDWI,N/A,12.486331
Nachchaduwa Wewa,Tank,2021-06-19,2021,6,0.0,1649.7742760602357,0.0,S2_MNDWI,N/A,12.486331
Mahakanumulla Wewa,Tank,2021-06-19,2021,6,0.0,67.32368583822004,0.0,S2_MNDWI,N/A,12.486331
Alittana Wewa,Tank,2021-06-19,2021,6,0.0,50.55054522911701,0.0,S2_MNDWI,N/A,12.486331
Wannanmaduwa Wewa,Tank,2021-06-19,2021,6,0.0,90.17898086294247,0.0,S2_MNDWI,N/A,12.486331
Tirappane Wewa,Tank,2021-06-19,2021,6,0.0,52.50410799926025,0.0,S2_MNDWI,N/A,12.486331
Todamaduwa Wewa,Tank,2021-06-19,2021,6,0.0,58.83226056448622,0.0,S2_MNDWI,N/A,12.486331
Periyakulama Wewa,Tank,2021-06-19,2021,6,17.09464033800911,91.6467133112465,18.652758751918412,S2_MNDWI,N/A,12.555426
Nachchaduwa Wewa,Tank,2021-06-19,2021,6,989.8506061389218,1649.7742760602357,59.9991538541107,S2_MNDWI,N/A,12.555426
Mahakanumulla Wewa,Tank,2021-06-19,2021,6,24.255748685784425,67.32368583822004,36.02855129481681,S2_MNDWI,N/A,12.555426
Alittana Wewa,Tank,2021-06-19,2021,6,5.554062258911133,50.55054522911701,10.987146100477673,S2_MNDWI,N/A,12.555426
Wannanmaduwa Wewa,Tank,2021-06-19,2021,6,2.3325809606873755,90.17898086294247,2.5866126877531728,S2_MNDWI,N/A,12.555426
Tirappane Wewa,Tank,2021-06-19,2021,6,5.731401497425752,52.50410799926025,10.916101074427365,S2_MNDWI,N/A,12.555426
Todamaduwa Wewa,Tank,2021-06-19,2021,6,5.313084352889716,58.83226056448622,9.030902946634232,S2_MNDWI,N/A,12.555426
Periyakulama Wewa,Tank,2021-11-21,2021,11,0.0,91.6467133112465,0.0,S2_MNDWI,N/A,2.484546
Nachchaduwa Wewa,Tank,2021-11-21,2021,11,0.0,1649.7742760602357,0.0,S2_MNDWI,N/A,2.484546
Mahakanumulla Wewa,Tank,2021-11-21,2021,11,0.0,67.32368583822004,0.0,S2_MNDWI,N/A,2.484546
Alittana Wewa,Tank,2021-11-21,2021,11,0.0,50.55054522911701,0.0,S2_MNDWI,N/A,2.484546
Wannanmaduwa Wewa,Tank,2021-11-21,2021,11,0.0,90.17898086294247,0.0,S2_MNDWI,N/A,2.484546
Tirappane Wewa,Tank,2021-11-21,2021,11,0.0,52.50410799926025,0.0,S2_MNDWI,N/A,2.484546
Todamaduwa Wewa,Tank,2021-11-21,2021,11,0.0,58.83226056448622,0.0,S2_MNDWI,N/A,2.484546
Periyakulama Wewa,Tank,2021-11-21,2021,11,52.877308293454035,91.6467133112465,57.69689537460494,S2_MNDWI,N/A,3.640533
Nachchaduwa Wewa,Tank,2021-11-21,2021,11,1295.5502565326462,1649.7742760602357,78.52894031215601,S2_MNDWI,N/A,3.640533
Mahakanumulla Wewa,Tank,2021-11-21,2021,11,54.043974753358135,67.32368583822004,80.27483058967793,S2_MNDWI,N/A,3.640533
Alittana Wewa,Tank,2021-11-21,2021,11,7.370880606079101,50.55054522911701,14.581208912131553,S2_MNDWI,N/A,3.640533
Wannanmaduwa Wewa,Tank,2021-11-21,2021,11,14.830926181793213,90.17898086294247,16.446100898316686,S2_MNDWI,N/A,3.640533
Tirappane Wewa,Tank,2021-11-21,2021,11,25.275100986483704,52.50410799926025,48.139282714487436,S2_MNDWI,N/A,3.640533
Todamaduwa Wewa,Tank,2021-11-21,2021,11,27.777684262835933,58.83226056448622,47.21505513524969,S2_MNDWI,N/A,3.640533
Periyakulama Wewa,Tank,2021-12-01,2021,12,0.0,91.6467133112465,0.0,S2_MNDWI,N/A,14.044752
Nachchaduwa Wewa,Tank,2021-12-01,2021,12,0.0,1649.7742760602357,0.0,S2_MNDWI,N/A,14.044752
Mahakanumulla Wewa,Tank,2021-12-01,2021,12,0.0,67.32368583822004,0.0,S2_MNDWI,N/A,14.044752
Alittana Wewa,Tank,2021-12-01,2021,12,0.0,50.55054522911701,0.0,S2_MNDWI,N/A,14.044752
Wannanmaduwa Wewa,Tank,2021-12-01,2021,12,0.0,90.17898086294247,0.0,S2_MNDWI,N/A,14.044752
Tirappane Wewa,Tank,2021-12-01,2021,12,0.0,52.50410799926025,0.0,S2_MNDWI,N/A,14.044752
Todamaduwa Wewa,Tank,2021-12-01,2021,12,0.0,58.83226056448622,0.0,S2_MNDWI,N/A,14.044752
Periyakulama Wewa,Tank,2021-12-01,2021,12,50.59750574154724,91.6467133112465,55.20929656223485,S2_MNDWI,N/A,19.896051
Nachchaduwa Wewa,Tank,2021-12-01,2021,12,1048.6417836788191,1649.7742760602357,63.56274303070365,S2_MNDWI,N/A,19.896051
Mahakanumulla Wewa,Tank,2021-12-01,2021,12,43.293803699391674,67.32368583822004,64.30694214132514,S2_MNDWI,N/A,19.896051
Alittana Wewa,Tank,2021-12-01,2021,12,1.1708556037902833,50.55054522911701,2.3162076659776023,S2_MNDWI,N/A,19.896051
Wannanmaduwa Wewa,Tank,2021-12-01,2021,12,16.815679776425828,90.17898086294247,18.647005782847508,S2_MNDWI,N/A,19.896051
Tirappane Wewa,Tank,2021-12-01,2021,12,21.82842504788567,52.50410799926025,41.57469935151211,S2_MNDWI,N/A,19.896051
Todamaduwa Wewa,Tank,2021-12-01,2021,12,12.860869143694709,58.83226056448622,21.860232838746473,S2_MNDWI,N/A,19.896051
Periyakulama Wewa,Tank,2021-12-11,2021,12,0.0,91.6467133112465,0.0,S2_MNDWI,N/A,16.521208
Nachchaduwa Wewa,Tank,2021-12-11,2021,12,0.0,1649.7742760602357,0.0,S2_MNDWI,N/A,16.521208
Mahakanumulla Wewa,Tank,2021-12-11,2021,12,0.0,67.32368583822004,0.0,S2_MNDWI,N/A,16.521208
Alittana Wewa,Tank,2021-12-11,2021,12,0.0,50.55054522911701,0.0,S2_MNDWI,N/A,16.521208
Wannanmaduwa Wewa,Tank,2021-12-11,2021,12,0.0,90.17898086294247,0.0,S2_MNDWI,N/A,16.521208
Tirappane Wewa,Tank,2021-12-11,2021,12,0.0,52.50410799926025,0.0,S2_MNDWI,N/A,16.521208
Todamaduwa Wewa,Tank,2021-12-11,2021,12,0.0,58.83226056448622,0.0,S2_MNDWI,N/A,16.521208
Periyakulama Wewa,Tank,2021-12-26,2021,12,0.0,91.6467133112465,0.0,S2_MNDWI,N/A,18.973997
Nachchaduwa Wewa,Tank,2021-12-26,2021,12,0.0,1649.7742760602357,0.0,S2_MNDWI,N/A,18.973997
Mahakanumulla Wewa,Tank,2021-12-26,2021,12,0.0,67.32368583822004,0.0,S2_MNDWI,N/A,18.973997
Alittana Wewa,Tank,2021-12-26,2021,12,0.0,50.55054522911701,0.0,S2_MNDWI,N/A,18.973997
Wannanmaduwa Wewa,Tank,2021-12-26,2021,12,0.0,90.17898086294247,0.0,S2_MNDWI,N/A,18.973997
Tirappane Wewa,Tank,2021-12-26,2021,12,0.0,52.50410799926025,0.0,S2_MNDWI,N/A,18.973997
Todamaduwa Wewa,Tank,2021-12-26,2021,12,0.0,58.83226056448622,0.0,S2_MNDWI,N/A,18.973997
Periyakulama Wewa,Tank,2022-01-15,2022,1,0.0,91.6467133112465,0.0,S2_MNDWI,N/A,8.465883
Nachchaduwa Wewa,Tank,2022-01-15,2022,1,0.0,1649.7742760602357,0.0,S2_MNDWI,N/A,8.465883
Mahakanumulla Wewa,Tank,2022-01-15,2022,1,0.0,67.32368583822004,0.0,S2_MNDWI,N/A,8.465883
Alittana Wewa,Tank,2022-01-15,2022,1,0.0,50.55054522911701,0.0,S2_MNDWI,N/A,8.465883
Wannanmaduwa Wewa,Tank,2022-01-15,2022,1,0.0,90.17898086294247,0.0,S2_MNDWI,N/A,8.465883
Tirappane Wewa,Tank,2022-01-15,2022,1,0.0,52.50410799926025,0.0,S2_MNDWI,N/A,8.465883
Todamaduwa Wewa,Tank,2022-01-15,2022,1,0.0,58.83226056448622,0.0,S2_MNDWI,N/A,8.465883
Periyakulama Wewa,Tank,2022-01-20,2022,1,18.95402904891968,91.6467133112465,20.681624429398624,S2_MNDWI,N/A,19.991411
Nachchaduwa Wewa,Tank,2022-01-20,2022,1,1240.155162464815,1649.7742760602357,75.1712025372576,S2_MNDWI,N/A,19.991411
Mahakanumulla Wewa,Tank,2022-01-20,2022,1,35.35770623704799,67.32368583822004,52.51896980508934,S2_MNDWI,N/A,19.991411
Alittana Wewa,Tank,2022-01-20,2022,1,6.523790315844965,50.55054522911701,12.905479626928484,S2_MNDWI,N/A,19.991411
Wannanmaduwa Wewa,Tank,2022-01-20,2022,1,4.052985661315918,90.17898086294247,4.494379535599104,S2_MNDWI,N/A,19.991411
Tirappane Wewa,Tank,2022-01-20,2022,1,18.230070077302226,52.50410799926025,34.721226151597655,S2_MNDWI,N/A,19.991411
Todamaduwa Wewa,Tank,2022-01-20,2022,1,0.4303165092468262,58.83226056448622,0.7314294999342325,S2_MNDWI,N/A,19.991411
Periyakulama Wewa,Tank,2022-02-04,2022,2,38.90877541656494,91.6467133112465,42.455178162717836,S2_MNDWI,N/A,12.39819
Nachchaduwa Wewa,Tank,2022-02-04,2022,2,1203.0153879521276,1649.7742760602357,72.91999914224651,S2_MNDWI,N/A,12.39819
Mahakanumulla Wewa,Tank,2022-02-04,2022,2,30.151821924591065,67.32368583822004,44.78635052312258,S2_MNDWI,N/A,12.39819
Alittana Wewa,Tank,2022-02-04,2022,2,11.448372201538087,50.55054522911701,22.647376303557348,S2_MNDWI,N/A,12.39819
Wannanmaduwa Wewa,Tank,2022-02-04,2022,2,4.052985699462891,90.17898086294247,4.494379577900505,S2_MNDWI,N/A,12.39819
Tirappane Wewa,Tank,2022-02-04,2022,2,17.313595953614485,52.50410799926025,32.97569773751498,S2_MNDWI,N/A,12.39819
Todamaduwa Wewa,Tank,2022-02-04,2022,2,9.699367840459486,58.83226056448622,16.48647824747101,S2_MNDWI,N/A,12.39819
Periyakulama Wewa,Tank,2022-03-11,2022,3,0.0,91.6467133112465,0.0,S2_MNDWI,N/A,2.138633
Nachchaduwa Wewa,Tank,2022-03-11,2022,3,0.0,1649.7742760602357,0.0,S2_MNDWI,N/A,2.138633
Mahakanumulla Wewa,Tank,2022-03-11,2022,3,0.0,67.32368583822004,0.0,S2_MNDWI,N/A,2.138633
Alittana Wewa,Tank,2022-03-11,2022,3,0.0,50.55054522911701,0.0,S2_MNDWI,N/A,2.138633
Wannanmaduwa Wewa,Tank,2022-03-11,2022,3,0.0,90.17898086294247,0.0,S2_MNDWI,N/A,2.138633
Tirappane Wewa,Tank,2022-03-11,2022,3,0.0,52.50410799926025,0.0,S2_MNDWI,N/A,2.138633
Todamaduwa Wewa,Tank,2022-03-11,2022,3,0.0,58.83226056448622,0.0,S2_MNDWI,N/A,2.138633
Periyakulama Wewa,Tank,2022-03-21,2022,3,36.56626532818064,91.6467133112465,39.899156234873274,S2_MNDWI,N/A,19.570293
Nachchaduwa Wewa,Tank,2022-03-21,2022,3,1202.9598436577573,1649.7742760602357,72.91663236079185,S2_MNDWI,N/A,19.570293
Mahakanumulla Wewa,Tank,2022-03-21,2022,3,34.9144060774949,67.32368583822004,51.860508887458735,S2_MNDWI,N/A,19.570293
Alittana Wewa,Tank,2022-03-21,2022,3,25.609278011235247,50.55054522911701,50.660735497832675,S2_MNDWI,N/A,19.570293
Wannanmaduwa Wewa,Tank,2022-03-21,2022,3,25.411894427364572,90.17898086294247,28.179398551849417,S2_MNDWI,N/A,19.570293
Tirappane Wewa,Tank,2022-03-21,2022,3,34.120620749398014,52.50410799926025,64.98657352654911,S2_MNDWI,N/A,19.570293
Todamaduwa Wewa,Tank,2022-03-21,2022,3,43.62471486953135,58.83226056448622,74.15100907386378,S2_MNDWI,N/A,19.570293
Periyakulama Wewa,Tank,2022-03-31,2022,3,0.0,91.6467133112465,0.0,S2_MNDWI,N/A,4.321179
Nachchaduwa Wewa,Tank,2022-03-31,2022,3,0.0,1649.7742760602357,0.0,S2_MNDWI,N/A,4.321179
Mahakanumulla Wewa,Tank,2022-03-31,2022,3,0.0,67.32368583822004,0.0,S2_MNDWI,N/A,4.321179
Alittana Wewa,Tank,2022-03-31,2022,3,0.0,50.55054522911701,0.0,S2_MNDWI,N/A,4.321179
Wannanmaduwa Wewa,Tank,2022-03-31,2022,3,0.0,90.17898086294247,0.0,S2_MNDWI,N/A,4.321179
Tirappane Wewa,Tank,2022-03-31,2022,3,0.0,52.50410799926025,0.0,S2_MNDWI,N/A,4.321179
Todamaduwa Wewa,Tank,2022-03-31,2022,3,0.0,58.83226056448622,0.0,S2_MNDWI,N/A,4.321179
Periyakulama Wewa,Tank,2022-03-31,2022,3,0.0,91.6467133112465,0.0,S2_MNDWI,N/A,7.23699
Nachchaduwa Wewa,Tank,2022-03-31,2022,3,0.0,1649.7742760602357,0.0,S2_MNDWI,N/A,7.23699
Mahakanumulla Wewa,Tank,2022-03-31,2022,3,0.0,67.32368583822004,0.0,S2_MNDWI,N/A,7.23699
Alittana Wewa,Tank,2022-03-31,2022,3,0.0,50.55054522911701,0.0,S2_MNDWI,N/A,7.23699
Wannanmaduwa Wewa,Tank,2022-03-31,2022,3,0.0,90.17898086294247,0.0,S2_MNDWI,N/A,7.23699
Tirappane Wewa,Tank,2022-03-31,2022,3,0.0,52.50410799926025,0.0,S2_MNDWI,N/A,7.23699
Todamaduwa Wewa,Tank,2022-03-31,2022,3,0.0,58.83226056448622,0.0,S2_MNDWI,N/A,7.23699
Periyakulama Wewa,Tank,2022-03-31,2022,3,29.806311836700438,91.6467133112465,32.52305593924964,S2_MNDWI,N/A,7.648469
Nachchaduwa Wewa,Tank,2022-03-31,2022,3,1036.8839885324776,1649.7742760602357,62.85005188762074,S2_MNDWI,N/A,7.648469
Mahakanumulla Wewa,Tank,2022-03-31,2022,3,8.222619253770416,67.32368583822004,12.213560727393192,S2_MNDWI,N/A,7.648469
Alittana Wewa,Tank,2022-03-31,2022,3,21.26566223543952,50.55054522911701,42.06811645463824,S2_MNDWI,N/A,7.648469
Wannanmaduwa Wewa,Tank,2022-03-31,2022,3,4.633412949371338,90.17898086294247,5.138018754518173,S2_MNDWI,N/A,7.648469
Tirappane Wewa,Tank,2022-03-31,2022,3,15.016306429473282,52.50410799926025,28.600250535986348,S2_MNDWI,N/A,7.648469
Todamaduwa Wewa,Tank,2022-03-31,2022,3,1.8821288609254128,58.83226056448622,3.199144215888842,S2_MNDWI,N/A,7.648469
Periyakulama Wewa,Tank,2022-04-15,2022,4,0.0,91.6467133112465,0.0,S2_MNDWI,N/A,14.663346
Nachchaduwa Wewa,Tank,2022-04-15,2022,4,0.0,1649.7742760602357,0.0,S2_MNDWI,N/A,14.663346
Mahakanumulla Wewa,Tank,2022-04-15,2022,4,0.0,67.32368583822004,0.0,S2_MNDWI,N/A,14.663346
Alittana Wewa,Tank,2022-04-15,2022,4,0.0,50.55054522911701,0.0,S2_MNDWI,N/A,14.663346
Wannanmaduwa Wewa,Tank,2022-04-15,2022,4,0.0,90.17898086294247,0.0,S2_MNDWI,N/A,14.663346
Tirappane Wewa,Tank,2022-04-15,2022,4,0.0,52.50410799926025,0.0,S2_MNDWI,N/A,14.663346
Todamaduwa Wewa,Tank,2022-04-15,2022,4,0.0,58.83226056448622,0.0,S2_MNDWI,N/A,14.663346
Periyakulama Wewa,Tank,2022-06-29,2022,6,31.39584654368083,91.6467133112465,34.25747133675776,S2_MNDWI,N/A,7.241733
Nachchaduwa Wewa,Tank,2022-06-29,2022,6,970.0126383087664,1649.7742760602357,58.7966882733326,S2_MNDWI,N/A,7.241733
Mahakanumulla Wewa,Tank,2022-06-29,2022,6,3.5482140038075167,67.32368583822004,5.270379896213548,S2_MNDWI,N/A,7.241733
Alittana Wewa,Tank,2022-06-29,2022,6,1.160848983001709,50.55054522911701,2.2964123883139886,S2_MNDWI,N/A,7.241733
Wannanmaduwa Wewa,Tank,2022-06-29,2022,6,0.4952276998302983,90.17898086294247,0.5491608965762927,S2_MNDWI,N/A,7.241733
Tirappane Wewa,Tank,2022-06-29,2022,6,8.846229389992509,52.50410799926025,16.8486423769301,S2_MNDWI,N/A,7.241733
Todamaduwa Wewa,Tank,2022-06-29,2022,6,2.4302568857978373,58.83226056448622,4.1308235693816755,S2_MNDWI,N/A,7.241733
Periyakulama Wewa,Tank,2022-07-19,2022,7,0.0,91.6467133112465,0.0,S2_MNDWI,N/A,17.36263
Nachchaduwa Wewa,Tank,2022-07-19,2022,7,0.0,1649.7742760602357,0.0,S2_MNDWI,N/A,17.36263
Mahakanumulla Wewa,Tank,2022-07-19,2022,7,0.0,67.32368583822004,0.0,S2_MNDWI,N/A,17.36263
Alittana Wewa,Tank,2022-07-19,2022,7,0.0,50.55054522911701,0.0,S2_MNDWI,N/A,17.36263
Wannanmaduwa Wewa,Tank,2022-07-19,2022,7,0.0,90.17898086294247,0.0,S2_MNDWI,N/A,17.36263
Tirappane Wewa,Tank,2022-07-19,2022,7,0.0,52.50410799926025,0.0,S2_MNDWI,N/A,17.36263
Todamaduwa Wewa,Tank,2022-07-19,2022,7,0.0,58.83226056448622,0.0,S2_MNDWI,N/A,17.36263
Periyakulama Wewa,Tank,2022-09-27,2022,9,0.0,91.6467133112465,0.0,S2_MNDWI,N/A,15.859035
Nachchaduwa Wewa,Tank,2022-09-27,2022,9,0.0,1649.7742760602357,0.0,S2_MNDWI,N/A,15.859035
Mahakanumulla Wewa,Tank,2022-09-27,2022,9,0.0,67.32368583822004,0.0,S2_MNDWI,N/A,15.859035
Alittana Wewa,Tank,2022-09-27,2022,9,0.0,50.55054522911701,0.0,S2_MNDWI,N/A,15.859035
Wannanmaduwa Wewa,Tank,2022-09-27,2022,9,0.0,90.17898086294247,0.0,S2_MNDWI,N/A,15.859035
Tirappane Wewa,Tank,2022-09-27,2022,9,0.0,52.50410799926025,0.0,S2_MNDWI,N/A,15.859035
Todamaduwa Wewa,Tank,2022-09-27,2022,9,0.0,58.83226056448622,0.0,S2_MNDWI,N/A,15.859035
Periyakulama Wewa,Tank,2022-09-27,2022,9,24.08255655015534,91.6467133112465,26.277599796042033,S2_MNDWI,N/A,5.529669
Nachchaduwa Wewa,Tank,2022-09-27,2022,9,963.1130394840377,1649.7742760602357,58.37847355603167,S2_MNDWI,N/A,5.529669
Mahakanumulla Wewa,Tank,2022-09-27,2022,9,26.679310452270506,67.32368583822004,39.62841624028331,S2_MNDWI,N/A,5.529669
Alittana Wewa,Tank,2022-09-27,2022,9,0.37027080993652345,50.55054522911701,0.73247639220961,S2_MNDWI,N/A,5.529669
Wannanmaduwa Wewa,Tank,2022-09-27,2022,9,1.0807960083007813,90.17898086294247,1.1985010231413207,S2_MNDWI,N/A,5.529669
Tirappane Wewa,Tank,2022-09-27,2022,9,8.946380063183353,52.50410799926025,17.039390638365674,S2_MNDWI,N/A,5.529669
Todamaduwa Wewa,Tank,2022-09-27,2022,9,5.223842292785645,58.83226056448622,8.879213959592418,S2_MNDWI,N/A,5.529669
Periyakulama Wewa,Tank,2022-10-27,2022,10,0.0,91.6467133112465,0.0,S2_MNDWI,N/A,9.704439
Nachchaduwa Wewa,Tank,2022-10-27,2022,10,0.0,1649.7742760602357,0.0,S2_MNDWI,N/A,9.704439
Mahakanumulla Wewa,Tank,2022-10-27,2022,10,0.0,67.32368583822004,0.0,S2_MNDWI,N/A,9.704439
Alittana Wewa,Tank,2022-10-27,2022,10,0.0,50.55054522911701,0.0,S2_MNDWI,N/A,9.704439
Wannanmaduwa Wewa,Tank,2022-10-27,2022,10,0.0,90.17898086294247,0.0,S2_MNDWI,N/A,9.704439
Tirappane Wewa,Tank,2022-10-27,2022,10,0.0,52.50410799926025,0.0,S2_MNDWI,N/A,9.704439
Todamaduwa Wewa,Tank,2022-10-27,2022,10,0.0,58.83226056448622,0.0,S2_MNDWI,N/A,9.704439
Periyakulama Wewa,Tank,2022-10-27,2022,10,31.271127337583643,91.6467133112465,34.121384398567606,S2_MNDWI,N/A,11.247096
Nachchaduwa Wewa,Tank,2022-10-27,2022,10,1011.3331018863844,1649.7742760602357,61.30130143024846,S2_MNDWI,N/A,11.247096
Mahakanumulla Wewa,Tank,2022-10-27,2022,10,27.880179315948485,67.32368583822004,41.4121404210474,S2_MNDWI,N/A,11.247096
Alittana Wewa,Tank,2022-10-27,2022,10,0.6804977661132813,50.55054522911701,1.3461729503192696,S2_MNDWI,N/A,11.247096
Wannanmaduwa Wewa,Tank,2022-10-27,2022,10,0.36026545944213867,90.17898086294247,0.399500477821638,S2_MNDWI,N/A,11.247096
Tirappane Wewa,Tank,2022-10-27,2022,10,9.406872875976562,52.50410799926025,17.916451177704225,S2_MNDWI,N/A,11.247096
Todamaduwa Wewa,Tank,2022-10-27,2022,10,10.167477251434326,58.83226056448622,17.28214614546338,S2_MNDWI,N/A,11.247096
Periyakulama Wewa,Tank,2023-02-14,2023,2,0.0,91.6467133112465,0.0,S2_MNDWI,N/A,18.487765
Nachchaduwa Wewa,Tank,2023-02-14,2023,2,0.0,1649.7742760602357,0.0,S2_MNDWI,N/A,18.487765
Mahakanumulla Wewa,Tank,2023-02-14,2023,2,0.0,67.32368583822004,0.0,S2_MNDWI,N/A,18.487765
Alittana Wewa,Tank,2023-02-14,2023,2,0.0,50.55054522911701,0.0,S2_MNDWI,N/A,18.487765
Wannanmaduwa Wewa,Tank,2023-02-14,2023,2,0.0,90.17898086294247,0.0,S2_MNDWI,N/A,18.487765
Tirappane Wewa,Tank,2023-02-14,2023,2,0.0,52.50410799926025,0.0,S2_MNDWI,N/A,18.487765
Todamaduwa Wewa,Tank,2023-02-14,2023,2,0.0,58.83226056448622,0.0,S2_MNDWI,N/A,18.487765
Periyakulama Wewa,Tank,2023-05-25,2023,5,26.297216664691998,91.6467133112465,28.69411865909753,S2_MNDWI,N/A,19.476672
Nachchaduwa Wewa,Tank,2023-05-25,2023,5,864.1542074824439,1649.7742760602357,52.380148000979766,S2_MNDWI,N/A,19.476672
Mahakanumulla Wewa,Tank,2023-05-25,2023,5,22.81651536102295,67.32368583822004,33.89076975947429,S2_MNDWI,N/A,19.476672
Alittana Wewa,Tank,2023-05-25,2023,5,2.191603084564209,50.55054522911701,4.335468736550541,S2_MNDWI,N/A,19.476672
Wannanmaduwa Wewa,Tank,2023-05-25,2023,5,6.5945049975855214,90.17898086294247,7.3126852116549275,S2_MNDWI,N/A,19.476672
Tirappane Wewa,Tank,2023-05-25,2023,5,13.69157656228458,52.50410799926025,26.077152977206058,S2_MNDWI,N/A,19.476672
Todamaduwa Wewa,Tank,2023-05-25,2023,5,12.138927256774902,58.83226056448622,20.633113771770486,S2_MNDWI,N/A,19.476672
Periyakulama Wewa,Tank,2023-07-29,2023,7,29.701967109680176,91.6467133112465,32.40920054471312,S2_MNDWI,N/A,8.250234
Nachchaduwa Wewa,Tank,2023-07-29,2023,7,693.3650596452661,1649.7742760602357,42.02787434054708,S2_MNDWI,N/A,8.250234
Mahakanumulla Wewa,Tank,2023-07-29,2023,7,17.96253210017485,67.32368583822004,26.680850693972875,S2_MNDWI,N/A,8.250234
Alittana Wewa,Tank,2023-07-29,2023,7,0.07005120239257813,50.55054522911701,0.13857655159815918,S2_MNDWI,N/A,8.250234
Wannanmaduwa Wewa,Tank,2023-07-29,2023,7,1.8350767329047706,90.17898086294247,2.0349273359983875,S2_MNDWI,N/A,8.250234
Tirappane Wewa,Tank,2023-07-29,2023,7,3.7127127738952637,52.50410799926025,7.071280544272028,S2_MNDWI,N/A,8.250234
Todamaduwa Wewa,Tank,2023-07-29,2023,7,0.16011772918701173,58.83226056448622,0.27215974305713814,S2_MNDWI,N/A,8.250234
Periyakulama Wewa,Tank,2024-01-25,2024,1,0.0,91.6467133112465,0.0,S2_MNDWI,N/A,2.502935
Nachchaduwa Wewa,Tank,2024-01-25,2024,1,0.0,1649.7742760602357,0.0,S2_MNDWI,N/A,2.502935
Mahakanumulla Wewa,Tank,2024-01-25,2024,1,0.0,67.32368583822004,0.0,S2_MNDWI,N/A,2.502935
Alittana Wewa,Tank,2024-01-25,2024,1,0.0,50.55054522911701,0.0,S2_MNDWI,N/A,2.502935
Wannanmaduwa Wewa,Tank,2024-01-25,2024,1,0.0,90.17898086294247,0.0,S2_MNDWI,N/A,2.502935
Tirappane Wewa,Tank,2024-01-25,2024,1,0.0,52.50410799926025,0.0,S2_MNDWI,N/A,2.502935
Todamaduwa Wewa,Tank,2024-01-25,2024,1,0.0,58.83226056448622,0.0,S2_MNDWI,N/A,2.502935
Periyakulama Wewa,Tank,2024-01-25,2024,1,37.58843204064762,91.6467133112465,41.01448997193326,S2_MNDWI,N/A,11.717399
Nachchaduwa Wewa,Tank,2024-01-25,2024,1,1241.71772312301,1649.7742760602357,75.26591614025585,S2_MNDWI,N/A,11.717399
Mahakanumulla Wewa,Tank,2024-01-25,2024,1,41.496345160025804,67.32368583822004,61.637066722315566,S2_MNDWI,N/A,11.717399
Alittana Wewa,Tank,2024-01-25,2024,1,23.0068232421875,50.55054522911701,45.51251255136931,S2_MNDWI,N/A,11.717399
Wannanmaduwa Wewa,Tank,2024-01-25,2024,1,12.87948680267334,90.17898086294247,14.282138342468171,S2_MNDWI,N/A,11.717399
Tirappane Wewa,Tank,2024-01-25,2024,1,15.891182536639047,52.50410799926025,30.26655083229477,S2_MNDWI,N/A,11.717399
Todamaduwa Wewa,Tank,2024-01-25,2024,1,19.88019530463125,58.83226056448622,33.791316386424604,S2_MNDWI,N/A,11.717399
Periyakulama Wewa,Tank,2024-02-24,2024,2,0.0,91.6467133112465,0.0,S2_MNDWI,N/A,16.032487
Nachchaduwa Wewa,Tank,2024-02-24,2024,2,0.0,1649.7742760602357,0.0,S2_MNDWI,N/A,16.032487
Mahakanumulla Wewa,Tank,2024-02-24,2024,2,0.0,67.32368583822004,0.0,S2_MNDWI,N/A,16.032487
Alittana Wewa,Tank,2024-02-24,2024,2,0.0,50.55054522911701,0.0,S2_MNDWI,N/A,16.032487
Wannanmaduwa Wewa,Tank,2024-02-24,2024,2,0.0,90.17898086294247,0.0,S2_MNDWI,N/A,16.032487
Tirappane Wewa,Tank,2024-02-24,2024,2,0.0,52.50410799926025,0.0,S2_MNDWI,N/A,16.032487
Todamaduwa Wewa,Tank,2024-02-24,2024,2,0.0,58.83226056448622,0.0,S2_MNDWI,N/A,16.032487
Periyakulama Wewa,Tank,2024-03-05,2024,3,0.0,91.6467133112465,0.0,S2_MNDWI,N/A,15.016739
Nachchaduwa Wewa,Tank,2024-03-05,2024,3,0.0,1649.7742760602357,0.0,S2_MNDWI,N/A,15.016739
Mahakanumulla Wewa,Tank,2024-03-05,2024,3,0.0,67.32368583822004,0.0,S2_MNDWI,N/A,15.016739
Alittana Wewa,Tank,2024-03-05,2024,3,0.0,50.55054522911701,0.0,S2_MNDWI,N/A,15.016739
Wannanmaduwa Wewa,Tank,2024-03-05,2024,3,0.0,90.17898086294247,0.0,S2_MNDWI,N/A,15.016739
Tirappane Wewa,Tank,2024-03-05,2024,3,0.0,52.50410799926025,0.0,S2_MNDWI,N/A,15.016739
Todamaduwa Wewa,Tank,2024-03-05,2024,3,0.0,58.83226056448622,0.0,S2_MNDWI,N/A,15.016739
Periyakulama Wewa,Tank,2024-03-10,2024,3,0.0,91.6467133112465,0.0,S2_MNDWI,N/A,0.00544
Nachchaduwa Wewa,Tank,2024-03-10,2024,3,0.0,1649.7742760602357,0.0,S2_MNDWI,N/A,0.00544
Mahakanumulla Wewa,Tank,2024-03-10,2024,3,0.0,67.32368583822004,0.0,S2_MNDWI,N/A,0.00544
Alittana Wewa,Tank,2024-03-10,2024,3,0.0,50.55054522911701,0.0,S2_MNDWI,N/A,0.00544
Wannanmaduwa Wewa,Tank,2024-03-10,2024,3,0.0,90.17898086294247,0.0,S2_MNDWI,N/A,0.00544
Tirappane Wewa,Tank,2024-03-10,2024,3,0.0,52.50410799926025,0.0,S2_MNDWI,N/A,0.00544
Todamaduwa Wewa,Tank,2024-03-10,2024,3,0.0,58.83226056448622,0.0,S2_MNDWI,N/A,0.00544
Periyakulama Wewa,Tank,2024-03-10,2024,3,39.70113135057338,91.6467133112465,43.319754649293486,S2_MNDWI,N/A,0.056093
Nachchaduwa Wewa,Tank,2024-03-10,2024,3,1233.4698042457735,1649.7742760602357,74.76597387561264,S2_MNDWI,N/A,0.056093
Mahakanumulla Wewa,Tank,2024-03-10,2024,3,31.052474616241454,67.32368583822004,46.12414520925232,S2_MNDWI,N/A,0.056093
Alittana Wewa,Tank,2024-03-10,2024,3,26.359274185180663,50.55054522911701,52.144391451583736,S2_MNDWI,N/A,0.056093
Wannanmaduwa Wewa,Tank,2024-03-10,2024,3,11.888757382965087,90.17898086294247,13.183512686879977,S2_MNDWI,N/A,0.056093
Tirappane Wewa,Tank,2024-03-10,2024,3,13.86554609111711,52.50410799926025,26.408497581393952,S2_MNDWI,N/A,0.056093
Todamaduwa Wewa,Tank,2024-03-10,2024,3,20.47270824532004,58.83226056448622,34.79843889880764,S2_MNDWI,N/A,0.056093
Periyakulama Wewa,Tank,2024-03-15,2024,3,0.0,91.6467133112465,0.0,S2_MNDWI,N/A,12.867749
Nachchaduwa Wewa,Tank,2024-03-15,2024,3,0.0,1649.7742760602357,0.0,S2_MNDWI,N/A,12.867749
Mahakanumulla Wewa,Tank,2024-03-15,2024,3,0.0,67.32368583822004,0.0,S2_MNDWI,N/A,12.867749
Alittana Wewa,Tank,2024-03-15,2024,3,0.0,50.55054522911701,0.0,S2_MNDWI,N/A,12.867749
Wannanmaduwa Wewa,Tank,2024-03-15,2024,3,0.0,90.17898086294247,0.0,S2_MNDWI,N/A,12.867749
Tirappane Wewa,Tank,2024-03-15,2024,3,0.0,52.50410799926025,0.0,S2_MNDWI,N/A,12.867749
Todamaduwa Wewa,Tank,2024-03-15,2024,3,0.0,58.83226056448622,0.0,S2_MNDWI,N/A,12.867749
Periyakulama Wewa,Tank,2024-03-15,2024,3,41.568198336842855,91.6467133112465,45.35699845085637,S2_MNDWI,N/A,17.158403
Nachchaduwa Wewa,Tank,2024-03-15,2024,3,1213.8546889980478,1649.7742760602357,73.57701635988705,S2_MNDWI,N/A,17.158403
Mahakanumulla Wewa,Tank,2024-03-15,2024,3,35.683793594369334,67.32368583822004,53.003327358098154,S2_MNDWI,N/A,17.158403
Alittana Wewa,Tank,2024-03-15,2024,3,26.629471646881104,50.55054522911701,52.67890094198743,S2_MNDWI,N/A,17.158403
Wannanmaduwa Wewa,Tank,2024-03-15,2024,3,13.389863081359863,90.17898086294247,14.848097586853747,S2_MNDWI,N/A,17.158403
Tirappane Wewa,Tank,2024-03-15,2024,3,23.865601037005263,52.50410799926025,45.45473096570179,S2_MNDWI,N/A,17.158403
Todamaduwa Wewa,Tank,2024-03-15,2024,3,28.3595301502512,58.83226056448622,48.20404634828919,S2_MNDWI,N/A,17.158403
Periyakulama Wewa,Tank,2024-03-20,2024,3,0.0,91.6467133112465,0.0,S2_MNDWI,N/A,4.702208
Nachchaduwa Wewa,Tank,2024-03-20,2024,3,0.0,1649.7742760602357,0.0,S2_MNDWI,N/A,4.702208
Mahakanumulla Wewa,Tank,2024-03-20,2024,3,0.0,67.32368583822004,0.0,S2_MNDWI,N/A,4.702208
Alittana Wewa,Tank,2024-03-20,2024,3,0.0,50.55054522911701,0.0,S2_MNDWI,N/A,4.702208
Wannanmaduwa Wewa,Tank,2024-03-20,2024,3,0.0,90.17898086294247,0.0,S2_MNDWI,N/A,4.702208
Tirappane Wewa,Tank,2024-03-20,2024,3,0.0,52.50410799926025,0.0,S2_MNDWI,N/A,4.702208
Todamaduwa Wewa,Tank,2024-03-20,2024,3,0.0,58.83226056448622,0.0,S2_MNDWI,N/A,4.702208
Periyakulama Wewa,Tank,2024-03-20,2024,3,32.7094542040118,91.6467133112465,35.69080987435458,S2_MNDWI,N/A,1.962228
Nachchaduwa Wewa,Tank,2024-03-20,2024,3,839.9570784010882,1649.7742760602357,50.913454682234374,S2_MNDWI,N/A,1.962228
Mahakanumulla Wewa,Tank,2024-03-20,2024,3,23.88728918685913,67.32368583822004,35.4812558009089,S2_MNDWI,N/A,1.962228
Alittana Wewa,Tank,2024-03-20,2024,3,20.414927716827393,50.55054522911701,40.38517809115229,S2_MNDWI,N/A,1.962228
Wannanmaduwa Wewa,Tank,2024-03-20,2024,3,11.238278352355957,90.17898086294247,12.462192680394482,S2_MNDWI,N/A,1.962228
Tirappane Wewa,Tank,2024-03-20,2024,3,8.026454546559652,52.50410799926025,15.287288656866124,S2_MNDWI,N/A,1.962228
Todamaduwa Wewa,Tank,2024-03-20,2024,3,13.03723879799338,58.83226056448622,22.16001675424867,S2_MNDWI,N/A,1.962228
Periyakulama Wewa,Tank,2024-03-20,2024,3,0.0,91.6467133112465,0.0,S2_MNDWI,N/A,12.334628
Nachchaduwa Wewa,Tank,2024-03-20,2024,3,0.0,1649.7742760602357,0.0,S2_MNDWI,N/A,12.334628
Mahakanumulla Wewa,Tank,2024-03-20,2024,3,0.0,67.32368583822004,0.0,S2_MNDWI,N/A,12.334628
Alittana Wewa,Tank,2024-03-20,2024,3,0.0,50.55054522911701,0.0,S2_MNDWI,N/A,12.334628
Wannanmaduwa Wewa,Tank,2024-03-20,2024,3,0.0,90.17898086294247,0.0,S2_MNDWI,N/A,12.334628
Tirappane Wewa,Tank,2024-03-20,2024,3,0.0,52.50410799926025,0.0,S2_MNDWI,N/A,12.334628
Todamaduwa Wewa,Tank,2024-03-20,2024,3,0.0,58.83226056448622,0.0,S2_MNDWI,N/A,12.334628
Periyakulama Wewa,Tank,2024-03-20,2024,3,33.7017165379513,91.6467133112465,36.773513550338706,S2_MNDWI,N/A,1.577495
Nachchaduwa Wewa,Tank,2024-03-20,2024,3,745.379847106999,1649.7742760602357,45.18071701827069,S2_MNDWI,N/A,1.577495
Mahakanumulla Wewa,Tank,2024-03-20,2024,3,24.857991563415528,67.32368583822004,36.92309958065829,S2_MNDWI,N/A,1.577495
Alittana Wewa,Tank,2024-03-20,2024,3,20.775190885925294,50.55054522911701,41.097857187816885,S2_MNDWI,N/A,1.577495
Wannanmaduwa Wewa,Tank,2024-03-20,2024,3,10.98809386062622,90.17898086294247,12.184761632343521,S2_MNDWI,N/A,1.577495
Tirappane Wewa,Tank,2024-03-20,2024,3,8.248538356532677,52.50410799926025,15.710272340306961,S2_MNDWI,N/A,1.577495
Todamaduwa Wewa,Tank,2024-03-20,2024,3,13.477562431568819,58.83226056448622,22.908455840815467,S2_MNDWI,N/A,1.577495
Periyakulama Wewa,Tank,2024-03-30,2024,3,0.0,91.6467133112465,0.0,S2_MNDWI,N/A,7.142007
Nachchaduwa Wewa,Tank,2024-03-30,2024,3,0.0,1649.7742760602357,0.0,S2_MNDWI,N/A,7.142007
Mahakanumulla Wewa,Tank,2024-03-30,2024,3,0.0,67.32368583822004,0.0,S2_MNDWI,N/A,7.142007
Alittana Wewa,Tank,2024-03-30,2024,3,0.0,50.55054522911701,0.0,S2_MNDWI,N/A,7.142007
Wannanmaduwa Wewa,Tank,2024-03-30,2024,3,0.0,90.17898086294247,0.0,S2_MNDWI,N/A,7.142007
Tirappane Wewa,Tank,2024-03-30,2024,3,0.0,52.50410799926025,0.0,S2_MNDWI,N/A,7.142007
Todamaduwa Wewa,Tank,2024-03-30,2024,3,0.0,58.83226056448622,0.0,S2_MNDWI,N/A,7.142007
Periyakulama Wewa,Tank,2024-10-01,2024,10,28.971427043914794,91.6467133112465,31.612074232845995,S2_MNDWI,N/A,13.830209
Nachchaduwa Wewa,Tank,2024-10-01,2024,10,1109.4740335367842,1649.7742760602357,67.25005048486256,S2_MNDWI,N/A,13.830209
Mahakanumulla Wewa,Tank,2024-10-01,2024,10,18.87366109313965,67.32368583822004,28.03420647302849,S2_MNDWI,N/A,13.830209
Alittana Wewa,Tank,2024-10-01,2024,10,7.47546590499878,50.55054522911701,14.78810143613036,S2_MNDWI,N/A,13.830209
Wannanmaduwa Wewa,Tank,2024-10-01,2024,10,8.896554381561279,90.17898086294247,9.865441255188511,S2_MNDWI,N/A,13.830209
Tirappane Wewa,Tank,2024-10-01,2024,10,1.9814478622436524,52.50410799926025,3.773891106333184,S2_MNDWI,N/A,13.830209
Todamaduwa Wewa,Tank,2024-10-01,2024,10,2.732008808135986,58.83226056448622,4.643725707499244,S2_MNDWI,N/A,13.830209
Periyakulama Wewa,Tank,2024-12-25,2024,12,0.0,91.6467133112465,0.0,S2_MNDWI,N/A,7.979701
Nachchaduwa Wewa,Tank,2024-12-25,2024,12,0.0,1649.7742760602357,0.0,S2_MNDWI,N/A,7.979701
Mahakanumulla Wewa,Tank,2024-12-25,2024,12,0.0,67.32368583822004,0.0,S2_MNDWI,N/A,7.979701
Alittana Wewa,Tank,2024-12-25,2024,12,0.0,50.55054522911701,0.0,S2_MNDWI,N/A,7.979701
Wannanmaduwa Wewa,Tank,2024-12-25,2024,12,0.0,90.17898086294247,0.0,S2_MNDWI,N/A,7.979701
Tirappane Wewa,Tank,2024-12-25,2024,12,0.0,52.50410799926025,0.0,S2_MNDWI,N/A,7.979701
Todamaduwa Wewa,Tank,2024-12-25,2024,12,0.0,58.83226056448622,0.0,S2_MNDWI,N/A,7.979701
Periyakulama Wewa,Tank,2025-02-13,2025,2,0.0,91.6467133112465,0.0,S2_MNDWI,N/A,14.111939
Nachchaduwa Wewa,Tank,2025-02-13,2025,2,0.0,1649.7742760602357,0.0,S2_MNDWI,N/A,14.111939
Mahakanumulla Wewa,Tank,2025-02-13,2025,2,0.0,67.32368583822004,0.0,S2_MNDWI,N/A,14.111939
Alittana Wewa,Tank,2025-02-13,2025,2,0.0,50.55054522911701,0.0,S2_MNDWI,N/A,14.111939
Wannanmaduwa Wewa,Tank,2025-02-13,2025,2,0.0,90.17898086294247,0.0,S2_MNDWI,N/A,14.111939
Tirappane Wewa,Tank,2025-02-13,2025,2,0.0,52.50410799926025,0.0,S2_MNDWI,N/A,14.111939
Todamaduwa Wewa,Tank,2025-02-13,2025,2,0.0,58.83226056448622,0.0,S2_MNDWI,N/A,14.111939
Periyakulama Wewa,Tank,2025-02-23,2025,2,0.0,91.6467133112465,0.0,S2_MNDWI,N/A,9.043135
Nachchaduwa Wewa,Tank,2025-02-23,2025,2,0.0,1649.7742760602357,0.0,S2_MNDWI,N/A,9.043135
Mahakanumulla Wewa,Tank,2025-02-23,2025,2,0.0,67.32368583822004,0.0,S2_MNDWI,N/A,9.043135
Alittana Wewa,Tank,2025-02-23,2025,2,0.0,50.55054522911701,0.0,S2_MNDWI,N/A,9.043135
Wannanmaduwa Wewa,Tank,2025-02-23,2025,2,0.0,90.17898086294247,0.0,S2_MNDWI,N/A,9.043135
Tirappane Wewa,Tank,2025-02-23,2025,2,0.0,52.50410799926025,0.0,S2_MNDWI,N/A,9.043135
Todamaduwa Wewa,Tank,2025-02-23,2025,2,0.0,58.83226056448622,0.0,S2_MNDWI,N/A,9.043135
Periyakulama Wewa,Tank,2025-03-05,2025,3,0.0,91.6467133112465,0.0,S2_MNDWI,N/A,4.554692
Nachchaduwa Wewa,Tank,2025-03-05,2025,3,0.0,1649.7742760602357,0.0,S2_MNDWI,N/A,4.554692
Mahakanumulla Wewa,Tank,2025-03-05,2025,3,0.0,67.32368583822004,0.0,S2_MNDWI,N/A,4.554692
Alittana Wewa,Tank,2025-03-05,2025,3,0.0,50.55054522911701,0.0,S2_MNDWI,N/A,4.554692
Wannanmaduwa Wewa,Tank,2025-03-05,2025,3,0.0,90.17898086294247,0.0,S2_MNDWI,N/A,4.554692
Tirappane Wewa,Tank,2025-03-05,2025,3,0.0,52.50410799926025,0.0,S2_MNDWI,N/A,4.554692
Todamaduwa Wewa,Tank,2025-03-05,2025,3,0.0,58.83226056448622,0.0,S2_MNDWI,N/A,4.554692
Periyakulama Wewa,Tank,2025-03-05,2025,3,34.40038895781873,91.6467133112465,37.53586758860588,S2_MNDWI,N/A,11.046056
Nachchaduwa Wewa,Tank,2025-03-05,2025,3,1223.7119693124118,1649.7742760602357,74.17450902645378,S2_MNDWI,N/A,11.046056
Mahakanumulla Wewa,Tank,2025-03-05,2025,3,35.80555972857605,67.32368583822004,53.18419406598952,S2_MNDWI,N/A,11.046056
Alittana Wewa,Tank,2025-03-05,2025,3,14.825819418451648,50.55054522911701,29.32870328352464,S2_MNDWI,N/A,11.046056
Wannanmaduwa Wewa,Tank,2025-03-05,2025,3,49.07686973673801,90.17898086294247,54.4216282631614,S2_MNDWI,N/A,11.046056
Tirappane Wewa,Tank,2025-03-05,2025,3,23.960766421658384,52.50410799926025,45.63598418241098,S2_MNDWI,N/A,11.046056
Todamaduwa Wewa,Tank,2025-03-05,2025,3,26.966738823753804,58.83226056448622,45.83665248455901,S2_MNDWI,N/A,11.046056
Periyakulama Wewa,Tank,2025-07-10,2025,7,24.71766681190641,91.6467133112465,26.970598201335783,S2_MNDWI,N/A,8.875122
Nachchaduwa Wewa,Tank,2025-07-10,2025,7,1084.699612350329,1649.7742760602357,65.74836497879332,S2_MNDWI,N/A,8.875122
Mahakanumulla Wewa,Tank,2025-07-10,2025,7,23.213586036562454,67.32368583822004,34.48056318892744,S2_MNDWI,N/A,8.875122
Alittana Wewa,Tank,2025-07-10,2025,7,0.5504024307250976,50.55054522911701,1.088816012231787,S2_MNDWI,N/A,8.875122
Wannanmaduwa Wewa,Tank,2025-07-10,2025,7,13.13968175125122,90.17898086294247,14.570670044742934,S2_MNDWI,N/A,8.875122
Tirappane Wewa,Tank,2025-07-10,2025,7,1.0307531784057617,52.50410799926025,1.9631857728547344,S2_MNDWI,N/A,8.875122
Todamaduwa Wewa,Tank,2025-07-10,2025,7,2.001471852111816,58.83226056448622,3.4019971915204534,S2_MNDWI,N/A,8.875122
Periyakulama Wewa,Tank,2025-07-28,2025,7,0.0,91.6467133112465,0.0,S2_MNDWI,N/A,9.404943
Nachchaduwa Wewa,Tank,2025-07-28,2025,7,0.0,1649.7742760602357,0.0,S2_MNDWI,N/A,9.404943
Mahakanumulla Wewa,Tank,2025-07-28,2025,7,0.0,67.32368583822004,0.0,S2_MNDWI,N/A,9.404943
Alittana Wewa,Tank,2025-07-28,2025,7,0.0,50.55054522911701,0.0,S2_MNDWI,N/A,9.404943
Wannanmaduwa Wewa,Tank,2025-07-28,2025,7,0.0,90.17898086294247,0.0,S2_MNDWI,N/A,9.404943
Tirappane Wewa,Tank,2025-07-28,2025,7,0.0,52.50410799926025,0.0,S2_MNDWI,N/A,9.404943
Todamaduwa Wewa,Tank,2025-07-28,2025,7,0.0,58.83226056448622,0.0,S2_MNDWI,N/A,9.404943
Periyakulama Wewa,Tank,2025-07-28,2025,7,23.317244226837158,91.6467133112465,25.44253185343174,S2_MNDWI,N/A,2.660827
Nachchaduwa Wewa,Tank,2025-07-28,2025,7,1104.235481890869,1649.7742760602357,66.93251906726614,S2_MNDWI,N/A,2.660827
Mahakanumulla Wewa,Tank,2025-07-28,2025,7,8.966491374206543,67.32368583822004,13.318479614668115,S2_MNDWI,N/A,2.660827
Alittana Wewa,Tank,2025-07-28,2025,7,2.241639247894287,50.55054522911701,4.434451177003542,S2_MNDWI,N/A,2.660827
Wannanmaduwa Wewa,Tank,2025-07-28,2025,7,26.969869690704346,90.17898086294247,29.90704644543966,S2_MNDWI,N/A,2.660827
Tirappane Wewa,Tank,2025-07-28,2025,7,14.67071939086914,52.50410799926025,27.942041013392405,S2_MNDWI,N/A,2.660827
Todamaduwa Wewa,Tank,2025-07-28,2025,7,14.280500940704346,58.83226056448622,24.273248730688234,S2_MNDWI,N/A,2.660827
Periyakulama Wewa,Tank,2025-07-30,2025,7,0.0,91.6467133112465,0.0,S2_MNDWI,N/A,10.341509
Nachchaduwa Wewa,Tank,2025-07-30,2025,7,0.0,1649.7742760602357,0.0,S2_MNDWI,N/A,10.341509
Mahakanumulla Wewa,Tank,2025-07-30,2025,7,0.0,67.32368583822004,0.0,S2_MNDWI,N/A,10.341509
Alittana Wewa,Tank,2025-07-30,2025,7,0.0,50.55054522911701,0.0,S2_MNDWI,N/A,10.341509
Wannanmaduwa Wewa,Tank,2025-07-30,2025,7,0.0,90.17898086294247,0.0,S2_MNDWI,N/A,10.341509
Tirappane Wewa,Tank,2025-07-30,2025,7,0.0,52.50410799926025,0.0,S2_MNDWI,N/A,10.341509
Todamaduwa Wewa,Tank,2025-07-30,2025,7,0.0,58.83226056448622,0.0,S2_MNDWI,N/A,10.341509
Periyakulama Wewa,Tank,2025-07-30,2025,7,7.755735621643066,91.6467133112465,8.462644585303766,S2_MNDWI,N/A,0.73724
Nachchaduwa Wewa,Tank,2025-07-30,2025,7,1068.2795357421876,1649.7742760602357,64.75307266235876,S2_MNDWI,N/A,0.73724
Mahakanumulla Wewa,Tank,2025-07-30,2025,7,6.935020833587647,67.32368583822004,10.301011816632588,S2_MNDWI,N/A,0.73724
Alittana Wewa,Tank,2025-07-30,2025,7,0.6504757179260254,50.55054522911701,1.2867827932968618,S2_MNDWI,N/A,0.73724
Wannanmaduwa Wewa,Tank,2025-07-30,2025,7,14.800904216003419,90.17898086294247,16.412809364632775,S2_MNDWI,N/A,0.73724
Tirappane Wewa,Tank,2025-07-30,2025,7,1.9714405410766602,52.50410799926025,3.7548310336106208,S2_MNDWI,N/A,0.73724
Todamaduwa Wewa,Tank,2025-07-30,2025,7,1.51111088180542,58.83226056448622,2.568507256574115,S2_MNDWI,N/A,0.73724
Periyakulama Wewa,Tank,2025-08-22,2025,8,28.210862965393066,91.6467133112465,30.782187321420444,S2_MNDWI,N/A,6.715974
Nachchaduwa Wewa,Tank,2025-08-22,2025,8,1002.8446527626966,1649.7742760602357,60.78677958038917,S2_MNDWI,N/A,6.715974
Mahakanumulla Wewa,Tank,2025-08-22,2025,8,0.45166015391031905,67.32368583822004,0.6708785300253258,S2_MNDWI,N/A,6.715974
Alittana Wewa,Tank,2025-08-22,2025,8,4.323161672210693,50.55054522911701,8.55215636669446,S2_MNDWI,N/A,6.715974
Wannanmaduwa Wewa,Tank,2025-08-22,2025,8,26.199303607940674,90.17898086294247,29.05256120354631,S2_MNDWI,N/A,6.715974
Tirappane Wewa,Tank,2025-08-22,2025,8,20.42570749767528,52.50410799926025,38.90306544768472,S2_MNDWI,N/A,6.715974
Todamaduwa Wewa,Tank,2025-08-22,2025,8,13.780132889556885,58.83226056448622,23.42274928302719,S2_MNDWI,N/A,6.715974
Periyakulama Wewa,Tank,2025-10-31,2025,10,0.0,91.6467133112465,0.0,S2_MNDWI,N/A,16.524501
Nachchaduwa Wewa,Tank,2025-10-31,2025,10,0.0,1649.7742760602357,0.0,S2_MNDWI,N/A,16.524501
Mahakanumulla Wewa,Tank,2025-10-31,2025,10,0.0,67.32368583822004,0.0,S2_MNDWI,N/A,16.524501
Alittana Wewa,Tank,2025-10-31,2025,10,0.0,50.55054522911701,0.0,S2_MNDWI,N/A,16.524501
Wannanmaduwa Wewa,Tank,2025-10-31,2025,10,0.0,90.17898086294247,0.0,S2_MNDWI,N/A,16.524501
Tirappane Wewa,Tank,2025-10-31,2025,10,0.0,52.50410799926025,0.0,S2_MNDWI,N/A,16.524501
Todamaduwa Wewa,Tank,2025-10-31,2025,10,0.0,58.83226056448622,0.0,S2_MNDWI,N/A,16.524501
Periyakulama Wewa,Tank,2025-10-31,2025,10,39.16857945209578,91.6467133112465,42.73866245380037,S2_MNDWI,N/A,2.075697
Nachchaduwa Wewa,Tank,2025-10-31,2025,10,1275.9903893101618,1649.7742760602357,77.34333161972357,S2_MNDWI,N/A,2.075697
Mahakanumulla Wewa,Tank,2025-10-31,2025,10,21.455529372406005,67.32368583822004,31.869213791954298,S2_MNDWI,N/A,2.075697
Alittana Wewa,Tank,2025-10-31,2025,10,7.505488999938965,50.55054522911701,14.847493663858286,S2_MNDWI,N/A,2.075697
Wannanmaduwa Wewa,Tank,2025-10-31,2025,10,55.72082172947603,90.17898086294247,61.78914553732062,S2_MNDWI,N/A,2.075697
Tirappane Wewa,Tank,2025-10-31,2025,10,33.75380085405238,52.50410799926025,64.28792363166697,S2_MNDWI,N/A,2.075697
Todamaduwa Wewa,Tank,2025-10-31,2025,10,33.02358141871733,58.83226056448622,56.13175679782027,S2_MNDWI,N/A,2.075697
Periyakulama Wewa,Tank,2025-11-30,2025,11,0.0,91.6467133112465,0.0,S2_MNDWI,N/A,10.555444
Nachchaduwa Wewa,Tank,2025-11-30,2025,11,0.0,1649.7742760602357,0.0,S2_MNDWI,N/A,10.555444
Mahakanumulla Wewa,Tank,2025-11-30,2025,11,0.0,67.32368583822004,0.0,S2_MNDWI,N/A,10.555444
Alittana Wewa,Tank,2025-11-30,2025,11,0.0,50.55054522911701,0.0,S2_MNDWI,N/A,10.555444
Wannanmaduwa Wewa,Tank,2025-11-30,2025,11,0.0,90.17898086294247,0.0,S2_MNDWI,N/A,10.555444
Tirappane Wewa,Tank,2025-11-30,2025,11,0.0,52.50410799926025,0.0,S2_MNDWI,N/A,10.555444
Todamaduwa Wewa,Tank,2025-11-30,2025,11,0.0,58.83226056448622,0.0,S2_MNDWI,N/A,10.555444
