tank_id,day,m4_volume_ratio,m3_volume_ratio,ratio_difference,abs_ratio_difference
Tawalanhalmillewa_Wewa,1,1.0,1.0,0.0,0.0
Tawalanhalmillewa_Wewa,2,1.234,1.0094,0.2246,0.2246
Tawalanhalmillewa_Wewa,3,1.4958,0.9892,0.5066,0.5066
Tawalanhalmillewa_Wewa,4,1.5948,1.3235,0.2714,0.2714
Tawalanhalmillewa_Wewa,5,1.7881,1.0108,0.7773,0.7773
Tawalanhalmillewa_Wewa,6,1.6522,1.031,0.6212,0.6212
Tawalanhalmillewa_Wewa,7,1.4416,1.0347,0.407,0.407
Settikulama_Wewa,1,1.0,1.0,0.0,0.0
Settikulama_Wewa,2,1.0299,1.0087,0.0213,0.0213
Settikulama_Wewa,3,2.0109,0.9884,1.0225,1.0225
Settikulama_Wewa,4,2.8125,0.6194,2.1931,2.1931
Settikulama_Wewa,5,3.0869,1.0116,2.0753,2.0753
Settikulama_Wewa,6,4.7182,1.0304,3.6878,3.6878
Settikulama_Wewa,7,4.7466,1.0333,3.7133,3.7133
Pansala_Wewa,1,1.0,1.0,0.0,0.0
Pansala_Wewa,2,0.981,1.0003,-0.0193,0.0193
Pansala_Wewa,3,0.9663,0.9779,-0.0115,0.0115
Pansala_Wewa,4,0.9504,1.0936,-0.1431,0.1431
Pansala_Wewa,5,0.935,0.9654,-0.0304,0.0304
Pansala_Wewa,6,0.9153,0.9679,-0.0526,0.0526
Pansala_Wewa,7,0.8996,0.9532,-0.0536,0.0536
Kudaittikattiya_Wewa,1,1.0,1.0,0.0,0.0
Kudaittikattiya_Wewa,2,1.0,0.8522,0.1478,0.1478
Kudaittikattiya_Wewa,3,1.0,0.8696,0.1304,0.1304
Kudaittikattiya_Wewa,4,1.0,0.0,1.0,1.0
Kudaittikattiya_Wewa,5,1.0,0.7739,0.2261,0.2261
Kudaittikattiya_Wewa,6,1.0,0.9826,0.0174,0.0174
Kudaittikattiya_Wewa,7,1.0,1.1565,-0.1565,0.1565
Maha_Ittikattiya_Wewa,1,1.0,1.0,0.0,0.0
Maha_Ittikattiya_Wewa,2,1.2586,1.0147,0.2439,0.2439
Maha_Ittikattiya_Wewa,3,1.3306,1.0239,0.3067,0.3067
Maha_Ittikattiya_Wewa,4,1.5937,1.0037,0.59,0.59
Maha_Ittikattiya_Wewa,5,1.726,1.0663,0.6597,0.6597
Maha_Ittikattiya_Wewa,6,1.7598,1.1694,0.5904,0.5904
Maha_Ittikattiya_Wewa,7,1.7598,1.2007,0.5591,0.5591
Ulankulama_Wewa,1,1.0,1.0,0.0,0.0
Ulankulama_Wewa,2,1.0308,1.0063,0.0244,0.0244
Ulankulama_Wewa,3,1.17,0.9889,0.1811,0.1811
Ulankulama_Wewa,4,1.1848,1.5675,-0.3828,0.3828
Ulankulama_Wewa,5,1.2208,0.9905,0.2303,0.2303
Ulankulama_Wewa,6,1.2519,1.0044,0.2475,0.2475
Ulankulama_Wewa,7,1.2488,0.9941,0.2547,0.2547
Amane_Wewa,1,1.0,1.0,0.0,0.0
Amane_Wewa,2,1.038,0.9982,0.0398,0.0398
Amane_Wewa,3,1.0448,0.9764,0.0683,0.0683
Amane_Wewa,4,1.0862,1.1895,-0.1033,0.1033
Amane_Wewa,5,1.122,0.957,0.165,0.165
Amane_Wewa,6,1.1289,0.9552,0.1738,0.1738
Amane_Wewa,7,1.1657,0.9378,0.228,0.228
Ihala_Amanakkattuwa_Wewa,1,1.0,1.0,0.0,0.0
Ihala_Amanakkattuwa_Wewa,2,0.9705,1.007,-0.0365,0.0365
Ihala_Amanakkattuwa_Wewa,3,1.2418,0.9856,0.2563,0.2563
Ihala_Amanakkattuwa_Wewa,4,1.2784,1.4056,-0.1272,0.1272
Ihala_Amanakkattuwa_Wewa,5,1.2706,0.9957,0.2749,0.2749
Ihala_Amanakkattuwa_Wewa,6,1.1492,1.0086,0.1406,0.1406
Ihala_Amanakkattuwa_Wewa,7,1.0875,1.0054,0.0822,0.0822
Ethiniwetuna_Wewa,1,1.0,1.0,0.0,0.0
Ethiniwetuna_Wewa,2,0.9269,1.0087,-0.0819,0.0819
Ethiniwetuna_Wewa,3,0.9954,0.9894,0.006,0.006
Ethiniwetuna_Wewa,4,0.9622,0.7152,0.247,0.247
Ethiniwetuna_Wewa,5,0.9124,1.0044,-0.0919,0.0919
Ethiniwetuna_Wewa,6,0.9626,1.0237,-0.0611,0.0611
Ethiniwetuna_Wewa,7,0.8867,1.0237,-0.1371,0.1371
Pahala_Amanakkattuwa_Wewa,1,1.0,1.0,0.0,0.0
Pahala_Amanakkattuwa_Wewa,2,0.9113,0.9989,-0.0875,0.0875
Pahala_Amanakkattuwa_Wewa,3,0.811,0.9757,-0.1647,0.1647
Pahala_Amanakkattuwa_Wewa,4,0.7173,1.3514,-0.6342,0.6342
Pahala_Amanakkattuwa_Wewa,5,0.6137,0.9574,-0.3437,0.3437
Pahala_Amanakkattuwa_Wewa,6,0.5111,0.9586,-0.4474,0.4474
Pahala_Amanakkattuwa_Wewa,7,0.4081,0.9423,-0.5341,0.5341
Walagambahuwa_Wewa,1,1.0,1.0,0.0,0.0
Walagambahuwa_Wewa,2,0.9988,0.997,0.0018,0.0018
Walagambahuwa_Wewa,3,1.0055,0.9814,0.0241,0.0241
Walagambahuwa_Wewa,4,1.0004,0.6035,0.3969,0.3969
Walagambahuwa_Wewa,5,1.0142,0.9574,0.0568,0.0568
Walagambahuwa_Wewa,6,1.0167,0.9521,0.0646,0.0646
Walagambahuwa_Wewa,7,1.0199,0.935,0.0849,0.0849
Wendarakulama_Wewa,1,1.0,1.0,0.0,0.0
Wendarakulama_Wewa,2,0.9313,1.0072,-0.0759,0.0759
Wendarakulama_Wewa,3,0.9266,0.9863,-0.0597,0.0597
Wendarakulama_Wewa,4,0.8802,2.1517,-1.2716,1.2716
Wendarakulama_Wewa,5,0.856,0.9993,-0.1433,0.1433
Wendarakulama_Wewa,6,0.805,1.0177,-0.2127,0.2127
Wendarakulama_Wewa,7,0.7633,1.0196,-0.2564,0.2564
Marikkaragama_Wewa,1,1.0,1.0,0.0,0.0
Marikkaragama_Wewa,2,0.9658,0.9962,-0.0303,0.0303
Marikkaragama_Wewa,3,1.0518,0.9752,0.0766,0.0766
Marikkaragama_Wewa,4,1.0779,0.9288,0.1491,0.1491
Marikkaragama_Wewa,5,1.1164,0.9478,0.1686,0.1686
Marikkaragama_Wewa,6,1.1204,0.9431,0.1773,0.1773
Marikkaragama_Wewa,7,1.1336,0.9239,0.2097,0.2097
Periyakulama_Wewa,1,1.0,1.0,0.0,0.0
Periyakulama_Wewa,2,1.0096,1.0002,0.0094,0.0094
Periyakulama_Wewa,3,1.0132,0.9982,0.015,0.015
Periyakulama_Wewa,4,1.027,0.9084,0.1186,0.1186
Periyakulama_Wewa,5,1.0304,0.9858,0.0446,0.0446
Periyakulama_Wewa,6,1.0343,0.984,0.0503,0.0503
Periyakulama_Wewa,7,1.0357,0.9722,0.0635,0.0635
Mawatha_Wewa,1,1.0,1.0,0.0,0.0
Mawatha_Wewa,2,0.9962,0.9981,-0.0019,0.0019
Mawatha_Wewa,3,1.0195,0.975,0.0445,0.0445
Mawatha_Wewa,4,1.0358,1.375,-0.3392,0.3392
Mawatha_Wewa,5,1.0517,0.9555,0.0962,0.0962
Mawatha_Wewa,6,1.0732,0.9544,0.1188,0.1188
Mawatha_Wewa,7,1.0742,0.9376,0.1367,0.1367
Meegassegama_Wewa,1,1.0,1.0,0.0,0.0
Meegassegama_Wewa,2,1.0313,0.9964,0.0349,0.0349
Meegassegama_Wewa,3,1.0517,0.9779,0.0738,0.0738
Meegassegama_Wewa,4,1.0962,0.883,0.2132,0.2132
Meegassegama_Wewa,5,1.098,0.9523,0.1458,0.1458
Meegassegama_Wewa,6,1.1195,0.9466,0.1728,0.1728
Meegassegama_Wewa,7,1.1252,0.9285,0.1966,0.1966
Mahakanumulla_Wewa,1,1.0,1.0,0.0,0.0
Mahakanumulla_Wewa,2,1.0028,1.0002,0.0027,0.0027
Mahakanumulla_Wewa,3,1.0026,0.9997,0.003,0.003
Mahakanumulla_Wewa,4,1.0039,0.9802,0.0237,0.0237
Mahakanumulla_Wewa,5,1.0074,0.9884,0.019,0.019
Mahakanumulla_Wewa,6,1.0104,0.9866,0.0238,0.0238
Mahakanumulla_Wewa,7,1.01,0.9753,0.0347,0.0347
Manakkulama_Wewa,1,1.0,1.0,0.0,0.0
Manakkulama_Wewa,2,1.0504,1.0127,0.0377,0.0377
Manakkulama_Wewa,3,1.3563,1.0127,0.3436,0.3436
Manakkulama_Wewa,4,1.4763,0.4429,1.0334,1.0334
Manakkulama_Wewa,5,2.1972,1.0423,1.1549,1.1549
Manakkulama_Wewa,6,2.4482,1.1171,1.3311,1.3311
Manakkulama_Wewa,7,2.503,1.141,1.3619,1.3619
Kuda_Kanumulla_Wewa,1,1.0,1.0,0.0,0.0
Kuda_Kanumulla_Wewa,2,0.9902,0.9895,0.0007,0.0007
Kuda_Kanumulla_Wewa,3,0.9869,0.9837,0.0033,0.0033
Kuda_Kanumulla_Wewa,4,0.988,0.939,0.049,0.049
Kuda_Kanumulla_Wewa,5,0.9761,0.9581,0.018,0.018
Kuda_Kanumulla_Wewa,6,0.972,0.9464,0.0255,0.0255
Kuda_Kanumulla_Wewa,7,0.9663,0.9256,0.0407,0.0407
Wagayakulama_Wewa,1,1.0,1.0,0.0,0.0
Wagayakulama_Wewa,2,0.9735,0.996,-0.0225,0.0225
Wagayakulama_Wewa,3,0.9544,0.9729,-0.0185,0.0185
Wagayakulama_Wewa,4,0.9715,1.2279,-0.2564,0.2564
Wagayakulama_Wewa,5,0.987,0.9444,0.0426,0.0426
Wagayakulama_Wewa,6,1.0839,0.9406,0.1433,0.1433
Wagayakulama_Wewa,7,1.114,0.9215,0.1925,0.1925
Wagayakulama,1,1.0,1.0,0.0,0.0
Wagayakulama,2,0.9581,1.0028,-0.0448,0.0448
Wagayakulama,3,0.9687,0.9818,-0.0132,0.0132
Wagayakulama,4,0.9542,0.9444,0.0098,0.0098
Wagayakulama,5,0.95,0.9754,-0.0254,0.0254
Wagayakulama,6,1.0033,0.9829,0.0204,0.0204
Wagayakulama,7,0.9836,0.9708,0.0128,0.0128
Alittana_Wewa,1,1.0,1.0,0.0,0.0
Alittana_Wewa,2,0.9923,0.9997,-0.0074,0.0074
Alittana_Wewa,3,0.9811,0.9773,0.0038,0.0038
Alittana_Wewa,4,0.9703,0.765,0.2053,0.2053
Alittana_Wewa,5,0.9645,0.9615,0.003,0.003
Alittana_Wewa,6,0.9546,0.9642,-0.0096,0.0096
Alittana_Wewa,7,0.9438,0.9486,-0.0048,0.0048
Wannanmaduwa_Wewa,1,1.0,1.0,0.0,0.0
Wannanmaduwa_Wewa,2,0.9914,0.9978,-0.0064,0.0064
Wannanmaduwa_Wewa,3,0.9894,0.9848,0.0045,0.0045
Wannanmaduwa_Wewa,4,0.9832,1.0807,-0.0976,0.0976
Wannanmaduwa_Wewa,5,0.9835,0.9626,0.0209,0.0209
Wannanmaduwa_Wewa,6,0.9759,0.9584,0.0175,0.0175
Wannanmaduwa_Wewa,7,0.9724,0.9419,0.0305,0.0305
Wellamaduwa_Wewa,1,1.0,1.0,0.0,0.0
Wellamaduwa_Wewa,2,1.0058,0.9992,0.0066,0.0066
Wellamaduwa_Wewa,3,1.0221,0.9953,0.0268,0.0268
Wellamaduwa_Wewa,4,1.0498,0.8908,0.159,0.159
Wellamaduwa_Wewa,5,1.0612,0.9799,0.0813,0.0813
Wellamaduwa_Wewa,6,1.0937,0.9768,0.1169,0.1169
Wellamaduwa_Wewa,7,1.0933,0.9649,0.1283,0.1283
Sembukulama_Wewa,1,1.0,1.0,0.0,0.0
Sembukulama_Wewa,2,0.9866,0.9993,-0.0127,0.0127
Sembukulama_Wewa,3,0.98,0.9906,-0.0106,0.0106
Sembukulama_Wewa,4,1.0023,0.9454,0.0569,0.0569
Sembukulama_Wewa,5,1.0268,0.9695,0.0573,0.0573
Sembukulama_Wewa,6,1.0131,0.9672,0.0459,0.0459
Sembukulama_Wewa,7,1.0088,0.9525,0.0564,0.0564
Hammillakulama_Wewa,1,1.0,1.0,0.0,0.0
Hammillakulama_Wewa,2,1.0297,1.0004,0.0293,0.0293
Hammillakulama_Wewa,3,1.0315,1.0028,0.0287,0.0287
Hammillakulama_Wewa,4,1.0395,1.1073,-0.0678,0.0678
Hammillakulama_Wewa,5,1.0514,0.9928,0.0586,0.0586
Hammillakulama_Wewa,6,1.0521,0.9916,0.0606,0.0606
Hammillakulama_Wewa,7,1.0888,0.9811,0.1077,0.1077
Tirappane_Wewa,1,1.0,1.0,0.0,0.0
Tirappane_Wewa,2,0.9986,1.0005,-0.0019,0.0019
Tirappane_Wewa,3,0.9907,1.0008,-0.0101,0.0101
Tirappane_Wewa,4,0.9851,1.1634,-0.1782,0.1782
Tirappane_Wewa,5,0.9756,0.9901,-0.0145,0.0145
Tirappane_Wewa,6,0.9721,0.9889,-0.0168,0.0168
Tirappane_Wewa,7,0.9821,0.9777,0.0044,0.0044
Todamaduwa_Wewa,1,1.0,1.0,0.0,0.0
Todamaduwa_Wewa,2,1.0026,0.9965,0.0061,0.0061
Todamaduwa_Wewa,3,1.0018,0.9757,0.0262,0.0262
Todamaduwa_Wewa,4,1.0017,1.148,-0.1463,0.1463
Todamaduwa_Wewa,5,1.0029,0.9453,0.0576,0.0576
Todamaduwa_Wewa,6,1.0062,0.9418,0.0644,0.0644
Todamaduwa_Wewa,7,1.0018,0.922,0.0798,0.0798
Galwaduwawa_Wewa,1,1.0,1.0,0.0,0.0
Galwaduwawa_Wewa,2,1.0985,1.0006,0.0979,0.0979
Galwaduwawa_Wewa,3,1.1152,0.979,0.1362,0.1362
Galwaduwawa_Wewa,4,1.0387,0.574,0.4647,0.4647
Galwaduwawa_Wewa,5,1.3978,0.9651,0.4327,0.4327
Galwaduwawa_Wewa,6,1.5633,0.9709,0.5924,0.5924
Galwaduwawa_Wewa,7,1.815,0.957,0.8579,0.8579
Galkulama_Wewa,1,1.0,1.0,0.0,0.0
Galkulama_Wewa,2,0.9566,1.0108,-0.0542,0.0542
Galkulama_Wewa,3,0.9318,1.0129,-0.0811,0.0811
Galkulama_Wewa,4,0.8925,1.4333,-0.5408,0.5408
Galkulama_Wewa,5,0.8338,1.0022,-0.1683,0.1683
Galkulama_Wewa,6,0.7817,1.072,-0.2904,0.2904
Galkulama_Wewa,7,0.7158,1.0946,-0.3788,0.3788
Nachchaduwa_Wewa,1,1.0,1.0,0.0,0.0
Nachchaduwa_Wewa,2,0.9955,0.9928,0.0027,0.0027
Nachchaduwa_Wewa,3,0.9919,0.9954,-0.0035,0.0035
Nachchaduwa_Wewa,4,0.9873,0.9809,0.0065,0.0065
Nachchaduwa_Wewa,5,0.9829,0.9831,-0.0002,0.0002
Nachchaduwa_Wewa,6,0.979,0.9769,0.0022,0.0022
Nachchaduwa_Wewa,7,0.975,0.9597,0.0153,0.0153
Irahandaketu_Wewa,1,1.0,1.0,0.0,0.0
Irahandaketu_Wewa,2,0.987,0.9956,-0.0086,0.0086
Irahandaketu_Wewa,3,0.9786,0.9953,-0.0167,0.0167
Irahandaketu_Wewa,4,0.9717,0.5875,0.3842,0.3842
Irahandaketu_Wewa,5,0.9633,0.9814,-0.0181,0.0181
Irahandaketu_Wewa,6,0.954,0.9749,-0.0208,0.0208
Irahandaketu_Wewa,7,0.9523,0.9612,-0.0089,0.0089
