tank_id,drought_probability,overflow_probability,normal_probability,pred_t+1_storage,pred_t+2_storage,pred_t+3_storage,pred_t+4_storage,pred_t+5_storage,pred_t+6_storage,pred_t+7_storage,primary_risk,confidence,agreement,drought_duration_days,overflow_duration_days
Tawalanhalmillewa_Wewa,0.497,0.066,0.437,51.73,51.67,51.53,51.34,51.17,51.06,50.73,overflow,0.29,False,0,7
Kudaittikattiya_Wewa,0.571,0.053,0.376,20.12,20.31,20.51,20.57,20.7,20.84,20.89,normal,0.29,False,0,0
Maha_Ittikattiya_Wewa,0.564,0.13,0.306,84.8,84.74,84.36,83.98,83.53,83.15,82.51,overflow,0.29,False,0,7
Amane_Wewa,0.389,0.231,0.379,0.1,0.17,0.2,0.34,0.45,0.66,0.81,drought,0.29,True,7,0
Pahala_Amanakkattuwa_Wewa,0.291,0.055,0.654,84.0,83.95,83.56,83.2,82.76,82.39,81.75,overflow,0.29,False,0,7
Walagambahuwa_Wewa,0.304,0.052,0.644,53.86,53.83,53.68,53.51,53.33,53.2,52.84,normal,0.29,True,0,0
Wendarakulama_Wewa,0.504,0.032,0.463,77.94,77.88,77.52,77.19,76.79,76.47,75.89,overflow,0.29,False,0,7
Marikkaragama_Wewa,0.349,0.266,0.385,77.86,77.79,77.44,77.1,76.7,76.38,75.8,overflow,0.29,False,0,7
Periyakulama_Wewa,0.222,0.275,0.503,83.29,83.23,82.85,82.48,82.04,81.67,81.04,overflow,0.29,False,0,7
Mawatha_Wewa,0.423,0.163,0.414,55.14,55.12,54.96,54.78,54.58,54.44,54.06,overflow,0.29,False,0,7
Meegassegama_Wewa,0.265,0.138,0.597,87.21,87.16,86.77,86.39,85.93,85.54,84.87,overflow,0.29,False,0,7
Mahakanumulla_Wewa,0.245,0.3,0.455,64.13,64.09,63.83,63.59,63.31,63.09,62.63,overflow,0.29,False,0,7
Wagayakulama_Wewa,0.188,0.152,0.66,70.47,70.42,70.12,69.84,69.51,69.24,68.72,overflow,0.29,False,0,7
Alittana_Wewa,0.273,0.047,0.68,91.88,91.87,91.47,91.08,90.6,90.17,89.47,overflow,0.29,False,0,7
Wannanmaduwa_Wewa,0.295,0.222,0.483,67.75,67.7,67.42,67.16,66.84,66.6,66.1,overflow,0.29,False,0,7
Wellamaduwa_Wewa,0.394,0.05,0.556,53.26,53.22,53.07,52.9,52.72,52.6,52.24,normal,0.29,True,0,0
Sembukulama_Wewa,0.146,0.17,0.684,60.03,60.06,59.85,59.68,59.44,59.25,58.81,normal,0.29,True,0,0
Hammillakulama_Wewa,0.267,0.082,0.65,10.01,10.09,10.21,10.26,10.4,10.58,10.68,drought,0.29,False,7,0
Tirappane_Wewa,0.991,0.0,0.009,88.78,88.92,88.6,88.21,87.77,87.36,86.74,overflow,0.29,False,0,7
Todamaduwa_Wewa,0.16,0.543,0.297,49.73,49.68,49.56,49.43,49.3,49.22,48.94,normal,0.29,False,0,0
Galkulama_Wewa,0.186,0.286,0.528,80.91,80.87,80.51,80.16,79.75,79.4,78.79,overflow,0.29,False,0,7
Nachchaduwa_Wewa,0.158,0.341,0.501,82.62,82.59,82.23,81.87,81.45,81.08,80.46,overflow,0.29,False,0,7
Irahandaketu_Wewa,0.27,0.055,0.675,95.92,95.9,95.47,95.05,94.54,94.09,93.35,overflow,0.29,False,0,7
Settikulama_Wewa,0.16,0.543,0.297,89.39,89.36,88.98,88.65,88.18,87.8,87.12,overflow,0.29,True,0,7
Pansala_Wewa,0.0,0.904,0.096,84.75,84.86,84.55,84.24,83.83,83.46,82.81,overflow,0.29,True,0,7
Ulankulama_Wewa,0.001,0.839,0.161,76.15,76.24,75.97,75.73,75.38,75.05,74.46,overflow,0.29,True,0,6
Ihala_Amanakkattuwa_Wewa,0.348,0.035,0.617,72.47,72.49,72.19,71.95,71.62,71.33,70.77,normal,0.29,True,0,0
Ethiniwetuna_Wewa,0.879,0.007,0.114,51.53,51.64,51.51,51.43,51.28,51.13,50.77,normal,0.29,False,0,0
Manakkulama_Wewa,0.251,0.252,0.497,0.08,0.16,0.2,0.33,0.45,0.64,0.79,drought,0.29,False,7,0
Kuda_Kanumulla_Wewa,0.794,0.011,0.195,56.21,56.28,56.1,55.97,55.77,55.59,55.19,normal,0.29,False,0,0
Wagayakulama,0.626,0.0,0.374,92.77,92.9,92.49,92.15,91.73,91.36,90.68,overflow,0.29,False,0,7
Galwaduwawa_Wewa,0.266,0.322,0.412,65.16,65.12,64.85,64.61,64.32,64.1,63.62,normal,0.29,True,0,0
