tank_id,storage_m3
Tawalanhalmillewa_Wewa,114625.9
Settikulama_Wewa,138862.9
Pansala_Wewa,71233.8
Kudaittikattiya_Wewa,29967.1
Maha_Ittikattiya_Wewa,312986.3
Ulankulama_Wewa,185084.3
Amane_Wewa,57914.6
Ihala_Amanakkattuwa_Wewa,56987.2
Ethiniwetuna_Wewa,71754.6
Pahala_Amanakkattuwa_Wewa,55409.1
Walagambahuwa_Wewa,83684.6
Wendarakulama_Wewa,195203.9
Marikkaragama_Wewa,117098.1
Periyakulama_Wewa,137981.9
Mawatha_Wewa,125633.5
Meegassegama_Wewa,30720.8
Mahakanumulla_Wewa,159876.8
Manakkulama_Wewa,166935.4
Kuda_Kanumulla_Wewa,89490.8
Wagayakulama_Wewa,109723.2
Wagayakulama,77957.5
Alittana_Wewa,120000.0
Wannanmaduwa_Wewa,847225.6
Wellamaduwa_Wewa,128723.1
Sembukulama_Wewa,126070.4
Hammillakulama_Wewa,68852.7
Tirappane_Wewa,735051.0
Todamaduwa_Wewa,172464.0
Galwaduwawa_Wewa,38269.3
Galkulama_Wewa,273503.3
Nachchaduwa_Wewa,25415305.6
Irahandaketu_Wewa,98689.7
