tank_id,day0,day1,day2,day3,day4,day5,day6
Tawalanhalmillewa_Wewa,289.06,289.06,289.06,289.06,289.06,289.06,289.06
Settikulama_Wewa,346.87,346.87,346.87,346.87,346.87,346.87,346.87
Pansala_Wewa,346.87,346.87,346.87,346.87,346.87,346.87,346.87
Kudaittikattiya_Wewa,289.06,289.06,289.06,289.06,289.06,289.06,289.06
Maha_Ittikattiya_Wewa,520.31,520.31,520.31,520.31,520.31,520.31,520.31
Ulankulama_Wewa,346.87,346.87,346.87,346.87,346.87,346.87,346.87
Amane_Wewa,439.38,439.38,439.38,439.38,439.38,439.38,439.38
Ihala_Amanakkattuwa_Wewa,346.87,346.87,346.87,346.87,346.87,346.87,346.87
Ethiniwetuna_Wewa,346.87,346.87,346.87,346.87,346.87,346.87,346.87
Pahala_Amanakkattuwa_Wewa,404.69,404.69,404.69,404.69,404.69,404.69,404.69
Walagambahuwa_Wewa,323.75,323.75,323.75,323.75,323.75,323.75,323.75
Wendarakulama_Wewa,260.16,260.16,260.16,260.16,260.16,260.16,260.16
Marikkaragama_Wewa,439.38,439.38,439.38,439.38,439.38,439.38,439.38
Periyakulama_Wewa,231.25,231.25,231.25,231.25,231.25,231.25,231.25
Mawatha_Wewa,144.53,144.53,144.53,144.53,144.53,144.53,144.53
Meegassegama_Wewa,219.69,219.69,219.69,219.69,219.69,219.69,219.69
Mahakanumulla_Wewa,277.49,277.49,277.49,277.49,277.49,277.49,277.49
Manakkulama_Wewa,346.87,346.87,346.87,346.87,346.87,346.87,346.87
Kuda_Kanumulla_Wewa,346.87,346.87,346.87,346.87,346.87,346.87,346.87
Wagayakulama_Wewa,208.12,208.12,208.12,208.12,208.12,208.12,208.12
Wagayakulama,346.87,346.87,346.87,346.87,346.87,346.87,346.87
Alittana_Wewa,624.37,624.37,624.37,624.37,624.37,624.37,624.37
Wannanmaduwa_Wewa,1040.61,1040.61,1040.61,1040.61,1040.61,1040.61,1040.61
Wellamaduwa_Wewa,46.25,46.25,46.25,46.25,46.25,46.25,46.25
Sembukulama_Wewa,462.5,462.5,462.5,462.5,462.5,462.5,462.5
Hammillakulama_Wewa,335.31,335.31,335.31,335.31,335.31,335.31,335.31
Tirappane_Wewa,520.31,520.31,520.31,520.31,520.31,520.31,520.31
Todamaduwa_Wewa,346.87,346.87,346.87,346.87,346.87,346.87,346.87
Galwaduwawa_Wewa,115.63,115.63,115.63,115.63,115.63,115.63,115.63
Galkulama_Wewa,722.65,722.65,722.65,722.65,722.65,722.65,722.65
Nachchaduwa_Wewa,40468.6,40468.6,40468.6,40468.6,40468.6,40468.6,40468.6
Irahandaketu_Wewa,161.87,161.87,161.87,161.87,161.87,161.87,161.87
