date,tank_id,release_m3
2025-03-01,Tawalanhalmillewa_Wewa,590.48
2025-03-01,Settikulama_Wewa,1835.0
2025-03-01,Pansala_Wewa,2456.92
2025-03-01,Kudaittikattiya_Wewa,0.0
2025-03-01,Maha_Ittikattiya_Wewa,3685.37
2025-03-01,Ulankulama_Wewa,2456.92
2025-03-01,Amane_Wewa,3112.06
2025-03-01,Ihala_Amanakkattuwa_Wewa,0.0
2025-03-01,Ethiniwetuna_Wewa,2456.92
2025-03-01,Pahala_Amanakkattuwa_Wewa,2866.48
2025-03-01,Walagambahuwa_Wewa,2293.17
2025-03-01,Wendarakulama_Wewa,1842.69
2025-03-01,Marikkaragama_Wewa,3112.06
2025-03-01,Periyakulama_Wewa,1637.94
2025-03-01,Mawatha_Wewa,1023.8
2025-03-01,Meegassegama_Wewa,1556.11
2025-03-01,Mahakanumulla_Wewa,0.0
2025-03-01,Manakkulama_Wewa,2456.92
2025-03-01,Kuda_Kanumulla_Wewa,2456.92
2025-03-01,Wagayakulama_Wewa,1474.12
2025-03-01,Wagayakulama,900.33
2025-03-01,Alittana_Wewa,0.0
2025-03-01,Wannanmaduwa_Wewa,3978.7
2025-03-01,Wellamaduwa_Wewa,327.57
2025-03-01,Sembukulama_Wewa,0.0
2025-03-01,Hammillakulama_Wewa,2375.0
2025-03-01,Tirappane_Wewa,3685.37
2025-03-01,Todamaduwa_Wewa,2456.92
2025-03-01,Galwaduwawa_Wewa,818.98
2025-03-01,Galkulama_Wewa,5118.66
2025-03-01,Nachchaduwa_Wewa,286642.55
2025-03-01,Irahandaketu_Wewa,1146.55
2025-03-02,Tawalanhalmillewa_Wewa,590.48
2025-03-02,Settikulama_Wewa,1835.0
2025-03-02,Pansala_Wewa,2456.92
2025-03-02,Kudaittikattiya_Wewa,0.0
2025-03-02,Maha_Ittikattiya_Wewa,3685.37
2025-03-02,Ulankulama_Wewa,2456.92
2025-03-02,Amane_Wewa,3112.06
2025-03-02,Ihala_Amanakkattuwa_Wewa,0.0
2025-03-02,Ethiniwetuna_Wewa,2456.92
2025-03-02,Pahala_Amanakkattuwa_Wewa,2866.48
2025-03-02,Walagambahuwa_Wewa,2293.17
2025-03-02,Wendarakulama_Wewa,1842.69
2025-03-02,Marikkaragama_Wewa,3112.06
2025-03-02,Periyakulama_Wewa,1637.94
2025-03-02,Mawatha_Wewa,1023.8
2025-03-02,Meegassegama_Wewa,1556.11
2025-03-02,Mahakanumulla_Wewa,0.0
2025-03-02,Manakkulama_Wewa,2456.92
2025-03-02,Kuda_Kanumulla_Wewa,2456.92
2025-03-02,Wagayakulama_Wewa,1474.12
2025-03-02,Wagayakulama,900.33
2025-03-02,Alittana_Wewa,0.0
2025-03-02,Wannanmaduwa_Wewa,3978.7
2025-03-02,Wellamaduwa_Wewa,327.57
2025-03-02,Sembukulama_Wewa,0.0
2025-03-02,Hammillakulama_Wewa,2375.0
2025-03-02,Tirappane_Wewa,3685.37
2025-03-02,Todamaduwa_Wewa,2456.92
2025-03-02,Galwaduwawa_Wewa,818.98
2025-03-02,Galkulama_Wewa,5118.66
2025-03-02,Nachchaduwa_Wewa,286642.55
2025-03-02,Irahandaketu_Wewa,1146.55
2025-03-03,Tawalanhalmillewa_Wewa,590.48
2025-03-03,Settikulama_Wewa,1835.0
2025-03-03,Pansala_Wewa,2456.92
2025-03-03,Kudaittikattiya_Wewa,0.0
2025-03-03,Maha_Ittikattiya_Wewa,3685.37
2025-03-03,Ulankulama_Wewa,2456.92
2025-03-03,Amane_Wewa,3112.06
2025-03-03,Ihala_Amanakkattuwa_Wewa,0.0
2025-03-03,Ethiniwetuna_Wewa,2456.92
2025-03-03,Pahala_Amanakkattuwa_Wewa,2866.48
2025-03-03,Walagambahuwa_Wewa,2293.17
2025-03-03,Wendarakulama_Wewa,1842.69
2025-03-03,Marikkaragama_Wewa,3112.06
2025-03-03,Periyakulama_Wewa,1637.94
2025-03-03,Mawatha_Wewa,1023.8
2025-03-03,Meegassegama_Wewa,1556.11
2025-03-03,Mahakanumulla_Wewa,0.0
2025-03-03,Manakkulama_Wewa,2456.92
2025-03-03,Kuda_Kanumulla_Wewa,2456.92
2025-03-03,Wagayakulama_Wewa,1474.12
2025-03-03,Wagayakulama,900.33
2025-03-03,Alittana_Wewa,0.0
2025-03-03,Wannanmaduwa_Wewa,3978.7
2025-03-03,Wellamaduwa_Wewa,327.57
2025-03-03,Sembukulama_Wewa,0.0
2025-03-03,Hammillakulama_Wewa,2375.0
2025-03-03,Tirappane_Wewa,3685.37
2025-03-03,Todamaduwa_Wewa,2456.92
2025-03-03,Galwaduwawa_Wewa,818.98
2025-03-03,Galkulama_Wewa,5118.66
2025-03-03,Nachchaduwa_Wewa,286642.55
2025-03-03,Irahandaketu_Wewa,1146.55
2025-03-04,Tawalanhalmillewa_Wewa,590.48
2025-03-04,Settikulama_Wewa,1835.0
2025-03-04,Pansala_Wewa,2456.92
2025-03-04,Kudaittikattiya_Wewa,0.0
2025-03-04,Maha_Ittikattiya_Wewa,3685.37
2025-03-04,Ulankulama_Wewa,2456.92
2025-03-04,Amane_Wewa,3112.06
2025-03-04,Ihala_Amanakkattuwa_Wewa,0.0
2025-03-04,Ethiniwetuna_Wewa,2456.92
2025-03-04,Pahala_Amanakkattuwa_Wewa,2866.48
2025-03-04,Walagambahuwa_Wewa,2293.17
2025-03-04,Wendarakulama_Wewa,1842.69
2025-03-04,Marikkaragama_Wewa,3112.06
2025-03-04,Periyakulama_Wewa,1637.94
2025-03-04,Mawatha_Wewa,1023.8
2025-03-04,Meegassegama_Wewa,1556.11
2025-03-04,Mahakanumulla_Wewa,0.0
2025-03-04,Manakkulama_Wewa,2456.92
2025-03-04,Kuda_Kanumulla_Wewa,2456.92
2025-03-04,Wagayakulama_Wewa,1474.12
2025-03-04,Wagayakulama,900.33
2025-03-04,Alittana_Wewa,0.0
2025-03-04,Wannanmaduwa_Wewa,3978.7
2025-03-04,Wellamaduwa_Wewa,327.57
2025-03-04,Sembukulama_Wewa,0.0
2025-03-04,Hammillakulama_Wewa,2375.0
2025-03-04,Tirappane_Wewa,3685.37
2025-03-04,Todamaduwa_Wewa,2456.92
2025-03-04,Galwaduwawa_Wewa,818.98
2025-03-04,Galkulama_Wewa,5118.66
2025-03-04,Nachchaduwa_Wewa,286642.55
2025-03-04,Irahandaketu_Wewa,1146.55
2025-03-05,Tawalanhalmillewa_Wewa,590.45
2025-03-05,Settikulama_Wewa,1835.0
2025-03-05,Pansala_Wewa,2456.92
2025-03-05,Kudaittikattiya_Wewa,0.0
2025-03-05,Maha_Ittikattiya_Wewa,3685.37
2025-03-05,Ulankulama_Wewa,2456.92
2025-03-05,Amane_Wewa,3112.06
2025-03-05,Ihala_Amanakkattuwa_Wewa,0.0
2025-03-05,Ethiniwetuna_Wewa,2456.92
2025-03-05,Pahala_Amanakkattuwa_Wewa,2866.48
2025-03-05,Walagambahuwa_Wewa,2293.17
2025-03-05,Wendarakulama_Wewa,1842.69
2025-03-05,Marikkaragama_Wewa,3112.06
2025-03-05,Periyakulama_Wewa,1637.94
2025-03-05,Mawatha_Wewa,1023.8
2025-03-05,Meegassegama_Wewa,1556.11
2025-03-05,Mahakanumulla_Wewa,0.0
2025-03-05,Manakkulama_Wewa,2456.92
2025-03-05,Kuda_Kanumulla_Wewa,2456.92
2025-03-05,Wagayakulama_Wewa,1474.12
2025-03-05,Wagayakulama,988.62
2025-03-05,Alittana_Wewa,0.0
2025-03-05,Wannanmaduwa_Wewa,3978.7
2025-03-05,Wellamaduwa_Wewa,327.57
2025-03-05,Sembukulama_Wewa,0.0
2025-03-05,Hammillakulama_Wewa,2375.0
2025-03-05,Tirappane_Wewa,3685.37
2025-03-05,Todamaduwa_Wewa,2456.92
2025-03-05,Galwaduwawa_Wewa,818.98
2025-03-05,Galkulama_Wewa,5118.66
2025-03-05,Nachchaduwa_Wewa,286642.55
2025-03-05,Irahandaketu_Wewa,1146.55
