from_tank,to_tank,stream_path_length_m,slope_m/m,effective_length_m,alpha_water_transfer_coefficient
Tawalanhalmillewa Wewa,Pansala Wewa,1477.2,0.004062,23177.646746702278,0.9508321670007831
Settikulama  Wewa,Pansala Wewa,889.1,0.005624,11855.720555335387,0.974540276413644
Pansala Wewa,Ulankulama Wewa,2130.8,0.003285,37177.05647517425,0.9223133514405809
Kudaittikattiya Wewa,Maha Ittikattiya Wewa,1267.2,0.004735,18415.57029105174,0.9607328546214213
Maha Ittikattiya Wewa,Periyakulama Wewa,3848.4,0.002339,79572.88333528941,0.8410595976712567
Ulankulama Wewa,Periyakulama Wewa,3026.5,0.001652,74462.16457224771,0.8504620006397419
Ethiniwetuna Wewa,Periyakulama Wewa,2493.4,0.00361,41499.06904138862,0.9136828029617184
Wendarakulama Wewa,Meegassegama Wewa,2354.1,0.004248,36118.74513324072,0.9244390698740678
Periyakulama Wewa,Manakkulama Wewa,5704.5,0.001227,162852.82741952318,0.7016999540220481
Meegassegama Wewa,Alittana Wewa,2211.7,0.002713,42462.08555776815,0.9117708016798171
Manakkulama Wewa,Wannanmaduwa Wewa,2931.5,0.001364,79374.8126744043,0.8414220528281785
Wagayakulama,Wannanmaduwa Wewa,2301.5,0.002173,49372.044990127084,0.8981684150782433
Alittana Wewa,Tirappane Wewa,3176.3,0.002519,63285.96851622108,0.871391196693128
Wannanmaduwa Wewa,Todamaduwa Wewa,4269.6,0.001639,105462.41522464415,0.7950028656381255
Tirappane Wewa,Nachchaduwa Wewa,6646.1,0.001053,204810.72078513866,0.6404916073873802
Todamaduwa Wewa,Nachchaduwa Wewa,8323.9,0.000721,309998.2354430563,0.5094972433222621
Galwaduwawa Wewa,Nachchaduwa Wewa,4552.8,0.001977,102394.17187511647,0.8003266738152182
Galkulama Wewa,Nachchaduwa Wewa,5904.3,0.000847,202874.14890803458,0.6431954159077833
Irahandaketu Wewa,Galkulama Wewa,2332.8,0.006001,30113.809120568618,0.9365936516781467
Amane Wewa,Ihala Amanakkattuwa Wewa,1788.4,0.005591,23917.72758270408,0.9493026747217037
Ihala Amanakkattuwa Wewa,Pahala Amanakkattuwa Wewa,1260.8,0.002379,25849.311442661077,0.9453223363086923
Pahala Amanakkattuwa Wewa,Mahakanumulla Wewa,2839.3,0.001761,67659.93939699471,0.8631395917550576
Walagambahuwa Wewa,Pahala Amanakkattuwa Wewa,2121.0,0.001886,48839.34426515435,0.8992097885565128
Marikkaragama Wewa,Pahala Amanakkattuwa Wewa,2854.3,0.001051,88043.69476795035,0.8257038664724052
Mawatha Wewa,Mahakanumulla Wewa,1935.7,0.003616,32190.2121677173,0.9323728374631403
Mahakanumulla Wewa,Sembukulama Wewa,5776.3,0.001212,165919.8822775122,0.6970340171511278
Wagayakulama Wewa,Kuda Kanumulla Wewa,3503.2,0.000856,119736.91097764001,0.45394356123554425
Wellamaduwa Wewa,Sembukulama Wewa,3385.9,0.001772,80434.48187635595,0.7366259902670191
Hammillakulama Wewa,Nachchaduwa Wewa,12305.9,0.000488,557061.9186123144,0.297672368382542
Sembukulama Wewa,Nachchaduwa Wewa,15856.0,0.000505,705582.7392873198,0.21549120440365852
Wellamaduwa Wewa,Nachchaduwa Wewa,16944.0,0.000826,589557.1613415481,0.2433740097329809
Wagayakulama Wewa,Sembukulama Wewa,3000.15,0.003334,51958.92667037929,0.5260564387644556
