from_tank,to_tank,alpha
1,3,0.9508321670007832
2,3,0.974540276413644
3,6,0.9223133514405808
4,5,0.9607328546214212
5,14,0.8410595976712567
6,14,0.8504620006397419
7,8,0.9493026747217036
8,10,0.9453223363086924
9,14,0.9136828029617184
10,17,0.8631395917550576
11,10,0.8992097885565128
12,16,0.9244390698740678
13,10,0.8257038664724052
14,18,0.7016999540220481
15,17,0.9323728374631404
16,22,0.9117708016798172
17,25,0.6970340171511278
18,23,0.8414220528281785
20,19,0.4539435612355442
20,25,0.5260564387644556
21,23,0.8981684150782433
22,27,0.871391196693128
23,28,0.7950028656381255
24,25,0.7366259902670191
24,31,0.2433740097329809
25,31,0.2154912044036585
26,31,0.297672368382542
27,31,0.6404916073873802
28,31,0.5094972433222621
29,31,0.8003266738152182
30,31,0.6431954159077833
32,30,0.9365936516781468
