tank_id,tank_name,latitude,longitude
1,Tawalanhalmillewa Wewa,8.111982,80.566681
2,Settikulama  Wewa,8.112887,80.55421
3,Pansala Wewa,8.122639,80.560139
4,Kudaittikattiya Wewa,8.124561,80.542977
5,Maha Ittikattiya Wewa,8.136556,80.541031
6,Ulankulama Wewa,8.139116,80.556377
7,Amane Wewa,8.144003,80.507638
8,Ihala Amanakkattuwa Wewa,8.146975,80.491948
9,Ethiniwetuna Wewa,8.146812,80.565155
10,Pahala Amanakkattuwa Wewa,8.154533,80.49463
11,Walagambahuwa Wewa,8.154419,80.509012
12,Wendarakulama Wewa,8.154861,80.525338
13,Marikkaragama Wewa,8.15843,80.483023
14,Periyakulama Wewa,8.158391,80.551955
15,Mawatha Wewa,8.16843,80.507831
16,Meegassegama Wewa,8.17014,80.523025
17,Mahakanumulla Wewa,8.17284,80.495096
18,Manakkulama Wewa,8.176356,80.5508
19,Kuda Kanumulla Wewa,8.180975,80.507328
20,Wagayakulama Wewa,8.185262,80.482609
21,Wagayakulama,8.188411,80.553109
22,Alittana Wewa,8.187336,80.52104
23,Wannanmaduwa Wewa,8.195081,80.541005
24,Wellamaduwa Wewa,8.200034,80.483295
25,Sembukulama Wewa,8.199203,80.509254
26,Hammillakulama Wewa,8.216571,80.472496
27,Tirappane Wewa,8.20584,80.521348
28,Todamaduwa Wewa,8.225497,80.537873
29,Galwaduwawa Wewa,8.267227,80.512098
30,Galkulama Wewa,8.27357,80.498948
31,Nachchaduwa Wewa,8.248901,80.488894
32,Irahandaketu Wewa,8.280927,80.511326
